id,manufacturer_id,valve_id,figure_no
1,1,664,H7VIS-4Q
2,1,665,H7VI(ALLOY 20)-4Q-SP
3,1,666,H7VIS-44Q
4,1,667,H7VIS(ALLOY 20)-44Q-SP
5,1,668,H7VISC-4Q
6,1,669,H7VISC-44Q
7,1,680,M45VIS-4
8,1,682,M4TVI-4
9,1,683,M4TVIC-4
10,1,684,PTMVIS-4
11,1,686,PTMVI-4
12,1,687,PTMVIC-4
13,2,15,121-411
14,2,18,121-419
15,2,26,121-411
16,2,27,121-418
17,2,116,321-411
18,2,118,321-419
19,2,121,321-418
20,2,127,321-411
21,2,231,621-411
22,2,248,621-419
23,2,250,621-411
24,2,379,825-311
25,2,380,821-319
26,2,381,821-519
27,2,383,821-311
28,2,384,821-511
29,2,385,825-211
30,2,386,821-319
31,2,387,821-519
32,2,388,825-511
33,2,391,825-319
34,2,392,825-519
35,2,422,860-311
36,2,423,830-319
37,2,424,830-319
38,2,425,830-311
39,2,426,860-211
40,2,427,860-319
41,2,443,841-311
42,2,444,841-319
43,2,445,841-319
44,2,446,841-211
45,3,15,L1-11-RF
46,3,18,L1-13-RF
47,3,26,L1-11-RF
48,3,27,L1-10
49,3,32,L1-16-RF
50,3,33,L1-10-RF
51,3,48,L1-30-RF
52,3,116,L3-11-RF
53,3,118,L3-10
54,3,121,L3-10-RF
55,3,127,L3-11
56,3,135,L3-16-RF
57,3,138,310-RF
58,3,140,L3-19-RF
59,3,143,L3-19-RTJ
60,3,203,L3-49-RTJ
61,3,231,L6-11
62,3,232,L6-19
63,3,236,L6-19-RTJ
64,3,244,L6-10
65,3,245,6-10
66,3,248,L6-10
67,3,250,L6-11
68,3,253,610
69,3,264,L6-16
70,3,325,L6-48
71,3,330,HL-40-SW
72,3,336,HL-40-SW
73,3,343,WL-49A-SW
74,3,379,WL-11-SW
75,3,380,HL-10-SW
76,3,381,HL-10SW/T
77,3,382,HL-10-SW/T
78,3,383,HL-11-SW
79,3,384,HL-11-SW/T
80,3,385,WL-11-T
81,3,386,HL-10-SW
82,3,387,HL-10-SW/T
83,3,388,WL-11-SW/T
84,3,389,WL-10-SW
85,3,390,WL-10-SW/T
86,3,391,WL-10-SW
87,3,392,WL-10-SW/T
88,3,393,HL-10-T
89,3,394,HL-16-SW
90,3,396,HL-16-SW/T
91,3,398,HL-10-SW
92,3,399,HL-10-SW/T
93,3,400,HL-19-SW
94,3,401,HL-19-SW/T
95,3,422,WL-31-SW
96,3,423,HL-30-SW
97,3,424,HL-30-SW
98,3,425,HL-31-SW
99,3,426,WL-31-T
100,3,427,WL-30-SW
101,3,428,WL-32-SW
102,3,429,HL-36-SW
103,3,430,HL-30-SW
104,3,431,HL-39-SW
105,3,443,HL-41-SW
106,3,444,HL-40-SW
107,3,445,HL-40-SW
108,3,446,HL-41-T
109,3,447,WL-40-SW
110,3,448,HL-46-SW
111,3,449,HL-40-SW
112,3,450,HL-49-SW
113,3,506,9WL-11-SW/T
114,3,507,9HF-11
115,3,510,9WL-19-SW/T
116,3,511,9HF-19
117,3,514,9WL-10-SW/T
118,3,515,9HF-10
119,3,517,9H-10-SW/T
120,3,518,9HF-10
121,3,520,9H-10-SW/T
122,3,521,9HF-10
123,3,523,9WL-11-SW
124,3,524,9H-10-SW/T
125,3,525,9HF-11
126,3,530,9H10-SW/T
127,3,531,9LHF-10
128,3,534,9H10-SW
129,3,539,92L-19-SW
130,3,540,9H-10-SW
131,3,541,9H-10-SW
132,3,542,9WL-10-SW
133,3,549,9HLF-39
134,3,550,9WL-31-BW
135,3,554,9WL-39-BW
136,3,555,9WL-30-BW
137,3,556,9HLF-30
138,3,560,9HLF-36
139,3,563,9WL-30-SW
140,3,564,9WL-30-SW
141,3,565,9HL-39-BW
142,3,566,9HLF-31
143,3,567,9HLF-30
144,3,573,9HL-30-SW
145,3,577,9HL-30-SW
146,3,578,9HL-39-SW
147,3,579,9HL-30-SW
148,3,580,9HL-36-SW
149,3,582,9HL-49-SW
150,3,583,9HL-40-SW
151,3,584,9HL-46-SW
152,3,585,9HL-40-SW
153,3,588,H9R-49
154,3,589,9WL-41-BW
155,3,590,9WL-40-BW
156,3,593,9WL-40-BW
157,3,595,9HL-41-SW
158,3,596,H9R-40
159,3,599,H9R-46
160,3,601,9WL-49-BW
161,3,602,9HLF-41
162,3,607,9HLF-40
163,3,608,H94-40-SW
164,3,609,9WL-40-BW
165,3,614,9HL-49-SW
166,3,615,9HL-40-SW
167,3,616,9HL-46-SW
168,3,617,9HL-40-SW
169,3,628,25W-12-SW/T
170,3,629,25W-18-T
171,3,630,23W-12-SW
172,3,633,25HR-11-RTJ
173,3,635,25W-10-SW
174,3,636,25W-10-SW/T
175,3,637,25W-10-RTJ
176,3,638,25W-10-BW
177,3,641,25HR-31-RJ
178,3,642,25W-31-RJ
179,3,645,25W-30-BW
180,3,647,25HR-30-SW
181,3,648,25HR-31-SW
182,3,651,25HR-41-RTJ
183,3,652,25W-41-BW
184,3,656,25W-40-BW
185,3,658,25HR-40-SW
186,3,659,25HR-41-SW
187,4,10,LO-26401
188,5,8,BC SERIES: U45TB-V-LH-*
189,5,8,S45TU-V-LH-*
190,5,12,S45TU-T-LH
191,5,12,U45TB-T-LH
192,6,108,CTL
193,6,109,CTL
194,7,16,101-XSE
195,7,17,115-RF
196,7,20,115-RF
197,7,21,101-XSE
198,7,30,101-X
199,7,31,115-RF
200,7,38,115-RF-02
201,7,48,215-RF
202,7,50,215-RF
203,7,51,11-X
204,7,63,215-RF-02
205,7,68,315-RF
206,7,70,315-RF
207,7,72,315-RF
208,7,78,2001-X
209,7,79,315-RF-02
210,7,81,315-RF
211,7,120,130RF
212,7,123,130RF-1/2U-316
213,7,124,130RF-02-MONEL-TFE
214,7,128,130RFSF-316
215,7,130,3381-XSE-ALLOY 20
216,7,131,3381-X-316L/316
217,7,132,3381-XSE-316L/316
218,7,133,3381-SE
219,7,161,230RF-316/316HS
220,7,163,230RF-02
221,7,164,230-RFSF
222,7,167,4301-X
223,7,168,230-RF
224,7,186,330RF
225,7,188,330RF
226,7,189,330RF
227,7,193,330RF-02
228,7,239,160-RTJ
229,7,243,160-RF
230,7,246,3611-X
231,7,247,3611-X/SE
232,7,254,160-RTJ
233,7,256,3611X
234,7,257,3611X/SE
235,7,263,3611-SE-ALLOY20-PTFE
236,7,288,260RTJ
237,7,292,4601SE
238,7,293,260RF
239,7,296,260RTJ
240,7,297,4601X
241,7,326,360RTJ
242,7,331,360RF
243,7,335,360RTJ
244,7,462,190BW
245,7,530,1151X/SE
246,7,531,1150RTJ
247,7,534,1151X
248,7,536,1150BW
249,8,1,465 1/2
250,8,4,416-1/2
251,8,5,375
252,8,6,373
253,8,7,372
254,8,10,44-BSB-G
255,8,10,44-BSB-TL7
256,8,110,424
257,8,111,212P
258,8,112,36
259,8,115,9302
260,8,217,88
261,9,10,NE-512431
262,9,10,NF-512431
263,9,11,NE-512431
264,9,11,NF-512431
265,10,3,*-828-W-B-RS66
266,11,15,1131-A8-18
267,11,18,1131-A12-18
268,11,26,1131-A8
269,11,27,1131-A12-18
270,11,32,1131-B8
271,11,33,1131-G8
272,11,116,2131-A8
273,11,118,2131-A12
274,11,121,2131-A12-18
275,11,127,2131-A8
276,11,135,2131-B8
277,11,140,2131-C8
278,11,143,2137-C8
279,11,231,3131-A8
280,11,232,3131-C8
281,11,236,3137-C8
282,11,244,3137-G8
283,11,245,3181-G8
284,11,248,3131-A12-18
285,11,250,3131-A8
286,11,253,3181-G8
287,11,264,3137-B8
288,11,336,4311-J19
289,11,379,4113-A8
290,11,380,4111-A12
291,11,381,4101-A12
292,11,382,4101-E12
293,11,383,4111-A8
294,11,384,4101-A8
295,11,385,4123-A8
296,11,386,4111-A12
297,11,387,4101-A12
298,11,388,4103-A8
299,11,389,4113-C5
300,11,390,4103-C5
301,11,391,4113-A12-18
302,11,392,4103-A12-18
303,11,393,4121-D12
304,11,394,4111-B8
305,11,396,4101-B8
306,11,398,4111-G8
307,11,399,4101-G8
308,11,400,4111-C8
309,11,401,4101-C8
310,11,422,4213-A3
311,11,423,4211-A12
312,11,424,4211-A12-18
313,11,425,4211-A8
314,11,426,4223-A8
315,11,427,4213-A12-18
316,11,428,4213-C5
317,11,429,4211-B8
318,11,430,4211-G8
319,11,431,4211-C8
320,11,443,4311-A8
321,11,444,4311-A12
322,11,445,4311-A12
323,11,447,4313-A12-18
324,11,448,4311-B8
325,11,449,4311-G8
326,11,450,4311-C8
327,11,506,6103-A8
328,11,507,6185-A8
329,11,510,6103-C8
330,11,511,6187-C8
331,11,514,6103-A12-18
332,11,515,6187-A12
333,11,517,6101-H8
334,11,518,6187-H8
335,11,520,6101-B8
336,11,521,6187-B8
337,11,523,6103-A8
338,11,524,6101-A12-18
339,11,525,6187-A8
340,11,530,6101-J17
341,11,531,6187-J19
342,11,534,6161-J17
343,11,539,6113-C8
344,11,540,6161-H8
345,11,541,6161-B8
346,11,542,6163-A12-18
347,11,549,6237-C8
348,11,556,6237-H8
349,11,560,6237-B8
350,11,566,6237-A8
351,11,567,6237-A12-18
352,11,573,6211-J
353,11,577,6211-A12-18
354,11,578,6211-C8
355,11,579,6211-H8
356,11,580,6211-B8
357,11,582,6211-C8
358,11,583,6311-H8
359,11,584,6311-B8
360,11,585,6311-A12-18
361,11,588,6337-C8(1)
362,11,589,63-3-A8(1)
363,11,590,63-3-A12(1)
364,11,593,63-3-H8
365,11,595,6311-A8
366,11,596,6337-H8
367,11,599,6337-B8
368,11,602,6337-A8
369,11,607,6337-A12-18(1)
370,11,608,6317-J19
371,11,614,6211-C8
372,11,615,6311-H8
373,11,616,6311-B8
374,11,617,6311-A12-18
375,11,628,7103-A5
376,11,629,7173-D5
377,11,630,7163-A5
378,11,635,7163-J
379,11,636,7103-J
380,11,647,7217-J17
381,11,648,7211-A8
382,12,87,FJG411DS/DS
383,12,87,FJG411HDS/DS
384,12,90,SG411 D20/D20
385,12,208,G431-E-D20/D20
386,13,166,318
387,13,227,302
388,13,228,303
389,13,229,302Y
390,13,230,303Y
391,13,368,604
392,13,369,604
393,13,370,604Y
394,13,371,604Y
395,13,374,605
396,13,376,605Y
397,13,377,605Y
398,13,378,605Y
399,13,480,4016Y
400,13,563,36124
401,13,564,36124
402,13,565,36128
403,13,603,36178(1)
404,13,634,12511
405,13,647,66224(1)
406,13,649,3916
407,13,650,3916
408,13,661,4952
409,13,662,4952Y
410,14,108,1LA121RTF
411,14,108,1LC121RTF
412,14,109,1LA221RTF
413,15,91,TWIN SEAL C811
414,15,92,TWIN SEAL C811
415,15,215,VALVE TWIN SEAL C821
416,15,216,VALVE TWIN SEAL C821
417,15,348,VALVE C841
418,16,627,B4C
419,16,627,B5
420,17,664,HN49-1U3331412
421,17,665,HN491X3331X12
422,17,666,HN49-1U3131412
423,17,667,HN49-1X3131H12
424,17,668,HN49-1S3331412
425,17,669,HN49-1S3131412
426,17,672,HG121S4231413
427,17,672,HG121S5231413
428,17,673,HG121S4231413
429,17,673,HG121S5231413
430,17,674,HG121S4131413
431,17,675,HG121U4231413
432,17,675,HG121U5231413
433,17,676,HG121U4-31413
434,17,676,HG121U5-31413
435,17,678,HG121Y4231423
436,17,678,HG121Y5231423
437,17,680,HM531U3399412
438,17,682,HM531X3399412
439,17,683,HM531S3399412
440,17,686,HM591X3331H12
441,17,687,HM591S3331412
442,18,346,633CC
443,19,107,GRINNELL 2470-25-R-2
444,20,1,651-C
445,20,5,629
446,20,6,624C
447,20,7,623
448,21,2,701-X
449,21,5,126
450,21,6,106
451,21,113,936
452,21,114,39 NS
453,22,10,AR2
454,22,108,"""k"" - LOK 362"
455,22,109,"""K"" - LOK 362"
456,23,1,125FCL
457,23,6,125FCO
458,23,16,AW/AK150UMACN
459,23,17,150UMACN
460,23,19,K150SCLBMM
461,23,20,150UMAM
462,23,21,AW\AK150-UMAO
463,23,24,150SCLB
464,23,25,150SCLB
465,23,28,150SCLBMM-N
466,23,29,W150SCLB
467,23,30,AW150UMAO
468,23,31,150UMAM
469,23,35,150SCL5CS
470,23,36,150SCL12CS
471,23,37,W150SCLB
472,23,47,W150SCJB
473,23,48,150UPACN
474,23,49,150SCJBMM
475,23,50,150UPAM
476,23,51,AW150UP0
477,23,52,150SCJBMM
478,23,53,150SCJB
479,23,54,150SCJB
480,23,56,150SCJ5CS
481,23,57,150SCJ12CS
482,23,62,W150SCJB
483,23,68,150UOACN
484,23,69,150SC0MM
485,23,70,150UOAM
486,23,71,150SC0MM-N
487,23,72,150U0AM
488,23,74,W150SC0B
489,23,76,150SC0B
490,23,77,150SC0B
491,23,78,AW150U0A0
492,23,80,150SC05CS
493,23,81,150UPAOHC
494,23,82,150SC012CS
495,23,83,W150SC0B
496,23,117,300UMACN
497,23,119,300SCLBMM
498,23,120,300UMAM
499,23,122,300SCLBMM-N
500,23,123,300UMAM
501,23,124,300UMAM35
502,23,125,300SCLB
503,23,126,300SCLB
504,23,128,300UMCM
505,23,129,R300SCL5CS
506,23,130,AW/AK300UMCN
507,23,131,AW300UMO
508,23,132,AW/K300UMO
509,23,133,AK300UMM
510,23,134,W300SCLB
511,23,136,300SCLS
512,23,139,300SCL12CS
513,23,141,3003SCL6CS
514,23,144,300SCL6CS
515,23,156,W300SCJB
516,23,158,300SCJBMM-N
517,23,159,300SCJBMM
518,23,161,300UPAM
519,23,163,300UPA
520,23,164,300UPAM
521,23,165,300SCJB
522,23,166,300SCJB
523,23,167,AW300UP0
524,23,168,300UPACN
525,23,169,300SCJ5CS
526,23,170,300SCJ12CS
527,23,171,300SCJ6CS
528,23,172,300SCJ6CS
529,23,173,300SCJ5CS
530,23,183,300SCJ6CS
531,23,186,300UOACN
532,23,188,300UOAM
533,23,189,300UOAM
534,23,191,300SC0MM
535,23,192,W300SCOB
536,23,193,300U0A
537,23,194,R300SC05CS
538,23,195,300SC0B
539,23,196,300SCOB
540,23,197,300SCOMM-N
541,23,199,300SCO5CB
542,23,200,300SCO12CB
543,23,201,300SCO6CB
544,23,202,R300SCO6CB
545,23,233,600SCL6CB-Q
546,23,235,R600SCLY
547,23,237,R600SCL6CY-Q
548,23,239,R600UMAM
549,23,240,R600SCL12CY
550,23,241,600SCLB
551,23,242,600SCL12CB
552,23,243,600UMAM
553,23,246,AW600UMO
554,23,247,AW/AK600UMO
555,23,249,600SCLBMM-N
556,23,251,600SCLB-Q
557,23,252,600SCL12CB-Q
558,23,254,R600UMACB
559,23,255,R600SCL6CY
560,23,256,AW600UMCB
561,23,257,AW/AK600UMCB
562,23,261,W600SCL6CY
563,23,262,W600SCL6CY
564,23,263,AK600UMCN
565,23,265,R600SCL5CY
566,23,281,W600SCJY
567,23,282,K600SCJMM-N
568,23,284,600SCJ6CB-Q
569,23,287,600SCJS6CY-Q
570,23,288,R600UPAM
571,23,289,R600SCJ12CB
572,23,290,600SCJ12CB
573,23,291,600SCJB
574,23,293,600UPAM
575,23,294,600SCJB-Q
576,23,295,600SCJ12CB-Q
577,23,296,R600UPACB
578,23,300,W600SCJ6CY
579,23,301,W600SCJ6CY
580,23,312,R600SCJ5CY
581,23,313,R600SCJ6CY
582,23,317,600SCOB-Q
583,23,318,600SC0MM-N
584,23,319,W600SCOY
585,23,320,600SC06CB-Q
586,23,324,R600SCO6CY-Q
587,23,326,5652-CF8M
588,23,327,600SCOB
589,23,328,R600SCO12CB
590,23,329,600SCO12CS
591,23,331,600UOAM
592,23,333,600SCOY
593,23,334,600SCP12CS-Q
594,23,335,R600UOACB
595,23,339,W600SCO6CY
596,23,340,W600SCO6CY
597,23,341,R600SCO5CY
598,23,342,R600SCO6CY
599,23,451,W900SCLSY-Q
600,23,452,W900SCLB-Q
601,23,453,W900SCL6CSY-Q
602,23,454,W900SCLSMM-N
603,23,455,W900SCL9CSY-Q
604,23,456,W900SCLSY
605,23,457,W900SCLBMM-N
606,23,458,W900SCLY
607,23,459,W900SCL6CY-Q
608,23,460,W900SCLY-Q
609,23,461,W900UMCCB-Q
610,23,462,W900UMCCB
611,23,464,R900UMCCB-Q
612,23,465,R900SCL6CSY-Q
613,23,466,R900SCLSMM-N
614,23,467,R900SCL9CSY-Q
615,23,468,W900SCLSY
616,23,470,W900SCJB-Q
617,23,476,W900SCJBMM-N
618,23,477,W900SCJY
619,23,478,W900SCJ6CY-Q
620,23,479,W900SCJ9CY-Q
621,23,480,W900UPCCB
622,23,490,W900SCOY-Q
623,23,491,W900SCOBMM-N
624,23,492,W900SCO6CY-Q
625,23,496,W900SCOY
626,23,497,W900SCO9CY-Q
627,23,498,W900UOCCB
628,23,508,W1500SCLSY-Q
629,23,509,W1500SCLB-Q
630,23,512,W1500SCL6CB-Q
631,23,513,W1500SCL6CSY-Q
632,23,516,W1500SCLSMM-N
633,23,519,W1500SCL9CB-Q
634,23,522,W1500SCL5CB-Q
635,23,526,W1500SCLY-Q
636,23,527,W1500SCL9CSY-Q
637,23,528,W1500SCLSY
638,23,532,W1500SCLSY
639,23,533,W1500UMCCB-Q
640,23,535,W1500SCLY
641,23,536,W1500UMCCB
642,23,537,W1500SCL6CY-Q
643,23,538,W1500SCL9CY-Q
644,23,543,R1500SCLSMM-N
645,23,544,R1500SCL9CSY-Q
646,23,545,R1500SCLSY-Q
647,23,546,R1500UMCCB-Q
648,23,547,R1500SCLSY
649,23,548,R1500SCL6CSY-Q
650,23,550,W1500SCJB-Q
651,23,557,W1500SCJ9CB-Q
652,23,559,W1500SCJ5CB-Q
653,23,561,W1500SCJY-Q
654,23,562,W1500SCJ6CY-Q
655,23,574,W1500UCCB
656,23,575,W1500SCJY
657,23,576,W155SCJ9CY-Q
658,23,598,W1500SCO9CY-Q
659,23,600,W1500SCOB-Q
660,23,610,W1500SCOY-Q
661,23,611,W1500SCOB
662,23,612,W1500SCO6CY-Q
663,23,613,W1500UOCCB
664,23,631,W2500SCLSY
665,23,632,W2500SCLB
666,23,633,R2500SCLB
667,23,634,42500SCLSPY
668,23,639,W2500UMCCB-Q
669,23,640,R-2500UMCCB
670,23,649,R2500SCJSPY
671,23,654,W2500SCO-SY
672,23,688,W900SCJB-Q
673,24,16,8270/71
674,24,17,8272
675,24,20,8275-CF8M
676,24,21,3273\4-CF3M
677,24,30,8274-CF3M
678,24,31,8275-CF8M
679,24,38,8272
680,24,48,7272-CN7M
681,24,50,7272-CF8M
682,24,51,7271-CF3M
683,24,63,7272
684,24,68,5272-CN7M
685,24,70,5272-CF8M
686,24,72,5272-CF8M
687,24,75,5254-CF3M
688,24,78,5271-CF3M
689,24,79,5272
690,24,81,5272
691,24,117,8372-CN7M
692,24,120,8375-CF8M
693,24,123,8375-CF8M
694,24,124,8372-M35
695,24,128,8375-CF8M
696,24,130,8363/64
697,24,131,8364-CF3M
698,24,132,8363/64-CF3M
699,24,133,8364-CF8M
700,24,161,7372-CF8M
701,24,163,7372-M35
702,24,164,7372-CF8M
703,24,167,7361-CF3M
704,24,168,7372-CN7M
705,24,186,5372-CN7M
706,24,188,5372-CF8M
707,24,189,5372-CF8M
708,24,193,5372
709,24,198,5351-CF3M
710,24,239,8675-CF8M
711,24,243,8675-CF8M
712,24,246,8664-CF3M
713,24,247,8663/4-CF3M
714,24,256,8664-F347
715,24,257,8663/4-F347
716,24,263,8663-CN7M
717,24,288,7662-CF8M
718,24,292,7661-CF3M
719,24,293,7662-CF8M
720,24,296,7662-CF8C
721,24,297,7661-F347
722,24,325,5652-CF8M
723,24,330,5651-CF3M
724,24,331,5672-CF8M
725,24,335,5272-CF8C
726,24,336,5651-CF8C
727,25,1,1430
728,25,6,1790
729,25,110,2227
730,25,111,73-PS
731,26,97,B790-27-RF
732,27,107,J657-3-(SCH 40S)-0-4
733,27,108,L151CSRS6
734,27,109,B151S6RS6
735,27,109,D151S6RS6
736,28,93,7150-31-3600TT
737,28,93,7150-31-3600TT-1
738,28,93,7150-71-3600TT-1
739,28,103,5150-31-2236-MT
740,28,105,5150-3173-TT
741,28,105,7150-317373-TT
742,28,106,5150N-31-2236-MT
743,28,106,7150N-31-2236-MT
744,28,108,815L1122HBTT
745,28,109,815L-3236HBTT
746,28,218,530S-31-2236MT
747,28,218,730S-31-22-36MTT-1
748,28,219,530SN-31-2236MT
749,28,219,730SN-31-2236MTT-1
750,28,221,C2DY-YYD03N-05
751,28,360,4C-22-36-MT-1
752,28,361,4M-22-36-MT-1
753,28,362,4C-22-36-MT-1
754,28,363,4M-22-36-MT-1
755,28,364,C2FY-YYD03N-05
756,28,365,C2FY-YYD03N-05
757,28,366,C2FY-YYD03N
758,28,367,C2FY-YYD03N-05
759,29,19,11F-CB4-FP
760,29,24,11F-CB2
761,29,25,11F-CB2
762,29,28,11F-CB4
763,29,29,11W-CB2
764,29,37,11W-CB2
765,29,47,21W-CB2
766,29,49,21F-CB9
767,29,52,21F-CB9-NL
768,29,53,21F-CB2
769,29,54,21F-CB2
770,29,62,21W-CB2
771,29,69,31F-CB4
772,29,71,31F-CB4-N1
773,29,74,31W-CB2
774,29,76,31F-CB2
775,29,77,31F-CB2
776,29,83,31W-CB2
777,29,119,13F-CB9
778,29,122,13F-CB9-N1
779,29,125,13F-CB2
780,29,126,13F-CB2
781,29,134,13W-CB2
782,29,156,23W-CB2
783,29,158,23F-CB9-N1
784,29,159,23F-CB9
785,29,165,23F-CB2
786,29,166,23F-CB2
787,29,191,33F-CB4
788,29,192,33W-CB2
789,29,195,33F-CB2
790,29,196,33F-CB2
791,29,197,33F-CB4-N1
792,29,235,16J-CB3
793,29,241,16F-CB2
794,29,249,16F-CB-N1
795,29,251,16F-CB2
796,29,258,16W-CB3
797,29,281,26W-CB3
798,29,282,26F-CB3-N1
799,29,285,26J-CB2
800,29,317,36F-CB2
801,29,318,36F-CB4-N1
802,29,319,36W-CB3
803,29,327,36F-CB2
804,29,333,36J-CB3
805,29,452,19W-CB2
806,29,457,19W-CB2-N1
807,29,458,19W-CB3
808,29,470,29W-CB3
809,29,476,29W-CB9-N1
810,29,477,29W-CB3
811,29,478,29W-C6-3
812,29,479,29W-C9-3
813,29,490,39W-CB3
814,29,491,39W-CB9-NI
815,29,492,39W-C63
816,29,496,39W-CB3
817,29,497,39W-C93
818,29,509,115W-CB2-FP
819,29,526,115W-CB3
820,29,535,115W-CB3
821,29,550,215W-CB2
822,29,561,215W-CB3
823,29,562,215W-C63
824,29,575,215W-CB3
825,29,576,215W-C93
826,29,610,315W-CB3
827,29,611,315W-CB2
828,29,612,315W-CB3
829,29,632,125W-CB2-FP
830,29,633,125J-CB2-FP
831,29,634,125J-CB3-PS
832,29,649,225J-CB3-PS
833,29,688,29W-CB3
834,30,1,F-617-O
835,30,6,F-918-B
836,31,84,1925
837,31,84,1949
838,31,84,4149
839,31,85,1925
840,31,85,1945
841,31,85,1949
842,31,85,4149
843,31,89,1925
844,31,89,1945
845,31,89,1949
846,31,89,4149
847,31,204,2024-1/2SW
848,31,205,2024-1/2SW
849,31,206,2025
850,31,206,2045
851,31,206,2049
852,31,206,4249
853,31,207,2024
854,31,210,2025
855,31,210,2045
856,31,210,2049
857,31,210,4249
858,31,212,2025
859,31,212,2045
860,31,212,2049
861,31,212,4249
862,31,213,2025
863,31,213,2045
864,31,213,2049
865,31,213,4249
866,31,214,2024
867,31,344,2224-SW
868,31,345,2245
869,31,345,2249
870,31,345,4749
871,31,346,2245
872,31,346,2249
873,31,346,4749
874,31,347,2224
875,31,499,2345-1/2
876,31,499,2349-1/2
877,31,499,4949-1/2
878,31,618,3044
879,31,619,3045
880,31,620,3045-1/2
881,31,620,3049-1/2
882,31,620,6049-1/2
883,32,10,R3011-42AA-1Q
884,32,10,R3011-42AA-2B
885,32,11,*R3011-42AA
886,33,91,TRUSEAL
887,33,92,TRUSEAL
888,33,98,1120 H8(FULL PORT)
889,33,98,1130H8(REDUCED PORT)
890,33,99,1133H
891,33,100,1133H
892,33,101,1137H
893,33,102,1137H
894,33,215,TRUSEAL
895,33,216,TRUSEAL
896,33,222,1230H8
897,33,223,1233H
898,33,224,1233H
899,33,225,1237H
900,33,348,TRUSEAL
901,33,349,1433H
902,33,351,1433H
903,33,352,1437H
904,33,353,1463H
905,33,354,1440H8
906,33,355,1467H
907,33,356,1467H
908,33,500,1533H
909,33,501,1553H
910,33,502,1533H
911,33,503,1553H
912,33,504,1537H
913,33,505,1557H
914,33,621,1633H
915,33,622,1653H
916,33,623,1633H8
917,33,624,1653H8
918,33,625,1630H8
919,33,626,1650H8
920,33,663,1733H
921,34,17,A215O-14
922,34,19,150-12H
923,34,19,2155-12H
924,34,20,S-150-12H-
925,34,20,S-2155-12H
926,34,24,150-U
927,34,24,2155-U
928,34,25,150-U
929,34,25,2155-U
930,34,28,150-12H
931,34,28,2155-12H
932,34,29,150-U-WE(STD WT)
933,34,29,2155-U-WE(STD WT)
934,34,31,S150-12H
935,34,31,S21550-12H
936,34,35,2155-U-C5
937,34,36,2155-U-C12
938,34,37,150-U-WE
939,34,37,2155-U-WE
940,34,38,M-2150-8-M35
941,34,47,160-U-WE(STD WT)
942,34,48,A160-14
943,34,49,160-12H
944,34,50,S-160-12H
945,34,52,160-12H
946,34,53,160-U
947,34,54,160-U
948,34,56,160-U-C5
949,34,57,160-U-C12
950,34,62,160-U-WE(XS)
951,34,63,160-8-M35
952,34,68,A180-14
953,34,69,180-12
954,34,70,S180-12
955,34,71,180-12
956,34,72,S180-12
957,34,74,180-U-WE(STD WT)
958,34,76,180-U
959,34,77,180-U
960,34,79,M180-8
961,34,80,180-U-C5
962,34,81,HE180-27
963,34,82,180-U-C12
964,34,83,180-U-WE(XS)
965,34,117,A2350-14
966,34,119,2355-12H
967,34,119,350-12H
968,34,120,S350-12H
969,34,122,2355-12H
970,34,122,350-12H
971,34,123,S350-12H
972,34,124,M2350-8
973,34,125,2355-U
974,34,126,2355-U
975,34,128,S-3350-12H
976,34,128,S-350-12H
977,34,129,2355-U-C5-RJ
978,34,134,2355-U-WE(STD WT)
979,34,136,2355-U-C5
980,34,139,2355-U-C12
981,34,141,2355-U-WC6
982,34,144,2355-U-WC6-RJ
983,34,156,360-U-WE (STD WT)
984,34,158,360-12H
985,34,159,360-12H
986,34,161,S360-12H
987,34,163,M360-8
988,34,164,S360-12H
989,34,165,360-U
990,34,166,360-U
991,34,168,A360-14
992,34,169,360-U-C5
993,34,170,360-U-C12
994,34,171,360-U-WC6
995,34,172,360-U-WC6
996,34,173,360-U-C5
997,34,183,360-U-WC6
998,34,186,A380-14-RF
999,34,188,S380-12-RF
1000,34,189,S380-12-RF
1001,34,191,380-12
1002,34,192,380-U-WE  (STD WT)
1003,34,192,384-U-WE (STD WT)
1004,34,193,M380-8-RF
1005,34,194,380U-C5-RJ
1006,34,194,384U-C5-RJ
1007,34,195,380-U
1008,34,195,384-U
1009,34,196,380-12
1010,34,197,380-12
1011,34,199,380-U-C5
1012,34,199,384-U-C5
1013,34,200,380-U-C12
1014,34,200,384-U-C12
1015,34,201,380-U-WC6
1016,34,201,384-U-WC6
1017,34,202,380-U-WC6
1018,34,202,384-U-WC6
1019,34,227,360S-7
1020,34,228,370S-7
1021,34,229,360S-WE
1022,34,230,370S-WE
1023,34,233,2655-U
1024,34,235,2655-7-RJ
1025,34,237,2655-7-WC6-RJ
1026,34,239,S3654-12H-RJ
1027,34,239,S650-12H-RJ
1028,34,240,2655-7-C12-RJ
1029,34,241,2655-U
1030,34,242,2655-U-C12
1031,34,243,S3654-12H
1032,34,243,S650-12H
1033,34,249,2655-12H
1034,34,249,650-12H
1035,34,251,2655-U
1036,34,252,2655-U-C12
1037,34,254,J2650-17H-RJ
1038,34,255,2655-7-WC6-RJ
1039,34,258,2655-7-WE
1040,34,261,2655-7-WC6-WE(XS)
1041,34,262,2655-7-WC6-WE(SCH 100)
1042,34,265,2655-7-C5-RJ
1043,34,281,660-7-WE
1044,34,282,660-12H
1045,34,284,660-U-WC6
1046,34,285,660-U-RJ
1047,34,287,660-7-WC6-RJ
1048,34,288,S660-12H-RJ
1049,34,289,660-U-C12-RJ
1050,34,290,660-U-C12
1051,34,291,660-U
1052,34,293,S660-12H
1053,34,294,660-U
1054,34,295,660-U-C12
1055,34,296,J660-17H-RJ
1056,34,300,660-7-WC6-WE(XS)
1057,34,301,660-7-WC6-WE(SCH100)
1058,34,312,660-7-C5-RJ
1059,34,313,660-7-WC6-RJ
1060,34,317,680-U
1061,34,318,680-12
1062,34,319,680-7-WE
1063,34,320,680-U-WC6
1064,34,324,680-7-WC6-RJ
1065,34,326,S680-12H-RJ
1066,34,327,680-U
1067,34,328,680-U-C12-RJ
1068,34,329,680-U-C12
1069,34,331,S680-12H
1070,34,333,680-7-RJ
1071,34,334,680-U-C12
1072,34,335,J680-17H-RTJ
1073,34,339,680-7-WC6-WE(XS)
1074,34,340,680-7-WC6-WE(SCH100)
1075,34,341,680-U-C5-RJ
1076,34,342,680-7-WC6-RJ
1077,34,368,660S-7
1078,34,369,669S-7-RJ
1079,34,370,660S-7-WE
1080,34,371,660S-7-WC6-WE(XS)
1081,34,372,660S-7-WC6-WE(SCH100)
1082,34,451,55509-7-WE
1083,34,452,950-U-WE
1084,34,453,55509-7-WC6-WE
1085,34,454,55509-12H-WE
1086,34,455,55509-7-WC9-WE
1087,34,456,55509-7-WE
1088,34,457,2955-12H-WE
1089,34,458,2955-07-WE
1090,34,459,2955-7-WC6-WE
1091,34,460,2955-7-WC9-WE
1092,34,461,J55509-7-WE
1093,34,462,J2955-17H-WE
1094,34,464,J55509-7-RJ
1095,34,465,55509-7-WC6-WE
1096,34,466,55509-12H-RJ
1097,34,467,55509-7-WC9-RJ
1098,34,468,55509-7-WE
1099,34,469,56009-7-WE
1100,34,470,960-U-WE
1101,34,471,56009-7-WC6-WE
1102,34,472,56009-12H-WE
1103,34,473,56009-7-WC9-WE
1104,34,474,56009-7-WE
1105,34,475,J56009-7-WE
1106,34,476,960-12H-WE
1107,34,477,960-7-WE
1108,34,478,960-7-WCB6-WE
1109,34,479,960-7-WC9-WE
1110,34,480,J960-15
1111,34,481,56009-7-RJ
1112,34,482,56009-WC6-RJ
1113,34,483,56009-12H-WE
1114,34,484,56009-7-WC9-WE
1115,34,485,56009-7-RJ
1116,34,486,J56009-7-RJ
1117,34,490,984-7-WE
1118,34,491,984-12H-WE
1119,34,492,984-7-WC6-WE
1120,34,496,984-7-WE
1121,34,497,984-7-WC9-WE
1122,34,498,J984-WE
1123,34,508,55515-7-WE
1124,34,509,1550-U-WE
1125,34,512,1550-U-WC6-WE
1126,34,513,55515-7-WC6-WE
1127,34,516,55515-12H-WE
1128,34,519,1550-U-WC9-WE
1129,34,522,21555-U-C5-WE
1130,34,526,21555-7-WE
1131,34,527,55515-7-WC9-WE
1132,34,528,55515-7-WE
1133,34,532,55515-7-WE
1134,34,533,J55515-7-WE
1135,34,535,21555-7-WE
1136,34,536,J21555-17H-WE
1137,34,537,21555-7-WC6-WE
1138,34,538,21555-7-WC9-WE
1139,34,543,55515-12H-RJ
1140,34,544,55515-7-WC9-RJ
1141,34,545,55515-7-RJ
1142,34,546,J55515-7-WE
1143,34,547,55515-7-RJ
1144,34,548,55515-7-WC6-RJ
1145,34,551,56015-7-WE
1146,34,553,56015-7-WC6-WE
1147,34,558,56015-7-WC9-WE
1148,34,571,56015-7-WE
1149,34,572,J56015-7-WE
1150,34,581,56015-7-RJ
1151,34,586,56015-7-WC9-WE
1152,34,587,J56015-7-RJ
1153,34,598,15840-7-WC9-WE
1154,34,600,1584-U-C5-WE
1155,34,610,1584-7-WE
1156,34,611,1584-2-WE
1157,34,612,1584-7-WE
1158,34,613,J1584-WE
1159,34,631,55525-7-WE
1160,34,634,55525-7-RJ
1161,34,639,J55525-7-WE
1162,34,643,56025-7-WE
1163,34,646,J56025-7-WE
1164,34,649,55525-7-RJ
1165,34,650,55525-RJ
1166,34,688,960-U-WE
1167,35,108,A21
1168,35,108,A31
1169,35,109,A21
1170,35,109,A31
1171,36,1,1793
1172,36,4,1792
1173,36,6,559
1174,36,7,558
1175,36,14,947
1176,36,19,1503
1177,36,19,1503N
1178,36,21,2466
1179,36,24,1503
1180,36,24,1503N
1181,36,25,1503
1182,36,25,1503N
1183,36,28,1503
1184,36,28,1503N
1185,36,29,1503NWE
1186,36,29,1503WE
1187,36,35,1503N
1188,36,36,1503N
1189,36,37,1503NWE
1190,36,37,1503WE
1191,36,47,1531WE
1192,36,49,1531
1193,36,51,2446-SWE
1194,36,52,1531
1195,36,53,1531
1196,36,54,1531
1197,36,56,1531
1198,36,57,1531
1199,36,62,1531WE
1200,36,69,1561A
1201,36,71,1561A
1202,36,74,1561A-WE
1203,36,75,2004SWE
1204,36,76,1561A
1205,36,77,1561A
1206,36,78,2345 SWE
1207,36,80,1561A
1208,36,82,1561A
1209,36,83,1561A-WE
1210,36,110,375
1211,36,112,560Y
1212,36,119,3003
1213,36,119,3003N
1214,36,122,3003
1215,36,122,3003N
1216,36,125,3003N
1217,36,126,3003N
1218,36,129,3003N
1219,36,134,3003NWE
1220,36,136,3003N
1221,36,139,3003N
1222,36,141,3003N
1223,36,144,3003N
1224,36,156,3031WE
1225,36,158,3031
1226,36,159,3031
1227,36,165,3031
1228,36,166,3031
1229,36,169,3031
1230,36,170,3031
1231,36,171,3031
1232,36,172,3031
1233,36,173,3031
1234,36,183,3031
1235,36,191,3061A
1236,36,192,3061AWE
1237,36,194,3061A
1238,36,195,3061A
1239,36,196,3061A
1240,36,197,3061A
1241,36,199,3061A
1242,36,200,3061A
1243,36,201,3061A
1244,36,202,3061A
1245,36,217,150
1246,36,227,3084
1247,36,228,3086
1248,36,229,3084WE
1249,36,230,3086WE
1250,36,249,6003
1251,36,281,6031WE
1252,36,282,6031
1253,36,284,6031
1254,36,287,6031
1255,36,289,6031
1256,36,290,6031
1257,36,291,6031
1258,36,294,6031
1259,36,295,6031
1260,36,300,6031WE
1261,36,301,6031WE
1262,36,312,6031
1263,36,313,6031
1264,36,317,6061
1265,36,318,6061
1266,36,319,6061WE
1267,36,320,6061
1268,36,324,6061
1269,36,327,6061
1270,36,328,6061
1271,36,329,6061
1272,36,333,6061
1273,36,334,6061
1274,36,339,6061
1275,36,340,6061
1276,36,341,6061
1277,36,342,6061
1278,36,368,6084
1279,36,369,6084
1280,36,370,6084WE
1281,36,371,6084WE
1282,36,372,6084WE
1283,36,374,6086
1284,36,376,6086WE
1285,36,377,6086WE
1286,36,378,6086WE
1287,36,451,19003WE
1288,36,452,9003WE
1289,36,453,19003WE
1290,36,454,19003WE
1291,36,455,19003WE
1292,36,456,19003WE
1293,36,457,9003WE
1294,36,458,9003WE
1295,36,459,9003WE
1296,36,460,9003WE
1297,36,461,19003WE
1298,36,464,19003FE-RTJ
1299,36,465,19003FE-RTJ
1300,36,466,19003FE-RTJ
1301,36,467,19003FE-RTJ
1302,36,468,19003WE
1303,36,469,19031WE(1)
1304,36,470,9031WE
1305,36,471,19031WE
1306,36,472,19031WE(1)
1307,36,473,19031WE
1308,36,474,19031WE
1309,36,475,19031WE(1)
1310,36,476,9031WE
1311,36,477,9031WE
1312,36,478,9031WE
1313,36,479,9031WE
1314,36,481,19031FE-RTJ(1)
1315,36,482,19031FE-RTJ(1)
1316,36,483,19031FE-RTJ(1)
1317,36,484,19031FE-RTJ(1)
1318,36,485,19031FE-RTJ(1)
1319,36,486,19031FE-RTJ(1)
1320,36,490,9061WE
1321,36,491,9061WE
1322,36,492,9061WE
1323,36,496,9061WE
1324,36,497,9061WE
1325,36,508,11303WE
1326,36,509,1303WE
1327,36,512,1303WE
1328,36,513,11303WE
1329,36,516,11303WE
1330,36,519,1301WE
1331,36,522,1303WE
1332,36,526,1303WE
1333,36,527,11303WE
1334,36,528,11303WE
1335,36,532,11303WE
1336,36,533,11303WE
1337,36,535,1303WE
1338,36,537,1303WE
1339,36,538,1303WE
1340,36,543,11303FE-RJ
1341,36,544,11303FE-RTJ
1342,36,545,11303FE-RTJ
1343,36,546,11303FE-RTJ
1344,36,547,11303FE-RTJ
1345,36,548,11303FE-RTJ
1346,36,551,11331WE(1)
1347,36,553,11331WE(1)
1348,36,557,1331WE
1349,36,558,11331WE(1)
1350,36,559,1331WE
1351,36,561,1331WE
1352,36,562,1331WE
1353,36,571,11331WE(1)
1354,36,572,11331WE(1)
1355,36,575,1331WE
1356,36,576,1331WE
1357,36,581,11331FE-RTJ(1)
1358,36,586,11331WE(1)
1359,36,587,11331FE-RTJ(1)
1360,36,598,1361WE
1361,36,600,1361WE
1362,36,610,1361WE
1363,36,611,1361WE
1364,36,612,1361WE
1365,36,631,125003WE
1366,36,632,25003WE
1367,36,633,25003
1368,36,634,125003
1369,36,639,125003WE
1370,36,643,125031WE(1)
1371,36,646,125031WE(1)
1372,36,688,903WE
1373,37,19,3005-RF-WCB-F-10
1374,37,19,3005-RF-WCB-S-10
1375,37,20,3005-RF-CF8M-F-10
1376,37,20,3005-RF-CF8M-S-10
1377,37,24,3005-RF-WCB-F-18
1378,37,24,3005-RF-WCB-S-18
1379,37,25,3005-RF-WCB-F-8
1380,37,25,3005-RF-WCB-S-8
1381,37,28,3005-RF-WCB-F-10
1382,37,28,3005-RF-WCB-S-10
1383,37,29,3005-BW-WCB-F-8
1384,37,29,3005-BW-WCB-S-8
1385,37,31,3005-RF-CF8M-F-10
1386,37,31,3005-RF-CF8M-S-10
1387,37,35,3005-RF-C5-F-8
1388,37,36,3005-RF-C12-F-18
1389,37,37,3005-BW-WCB-F-18
1390,37,37,3005-BW-WCB-S-18
1391,37,38,3005-RF-M35-F-9
1392,37,47,3025-BW-WCB-P-18
1393,37,48,3025-RF-CN7M-P-13
1394,37,49,3025-RF-WCB-P-18
1395,37,50,3025-RF-CF8M-P-10
1396,37,52,3025-RF-WCB-P-10
1397,37,53,3025-RF-WCB-P-18
1398,37,54,3025-RF-WCB-P-18
1399,37,56,3025-RF-C5-P-18
1400,37,57,3025-RF-C12-P-18
1401,37,62,3025-BW-WCB-P-18
1402,37,63,3025-RF-M35-P-9
1403,37,68,3026-RF-CN7M-13
1404,37,69,3026-RF-WCB-10
1405,37,70,3026-RF-CF8M-10
1406,37,71,3026-RF-WCB-10
1407,37,72,3026-RF-CF8M-10
1408,37,74,3026-BW-WCB-18
1409,37,76,3026-RF-WCB-18
1410,37,77,3026-RF-WCB-18
1411,37,79,3026-RF-M35-9
1412,37,80,3026-RF-C5-18
1413,37,81,3016RF-CW12M
1414,37,82,3016-RF-C12-18
1415,37,83,3026-BW-WCB-18
1416,37,117,3010-RF-CN7M-F-13
1417,37,119,3010RF-WCB-S/F-18
1418,37,120,3010RF-CF8M-S-18
1419,37,122,3010RF-WCB-S/F-10H
1420,37,123,3010RF-CF8M-S-10H
1421,37,124,3010-RF-M35-F-9
1422,37,125,3010-RF-WCB-F-18
1423,37,126,3010-RF-WCB-F-18
1424,37,128,3010RF-CF8M-S-10H
1425,37,129,3010-RTJ-C5-F-8
1426,37,134,3010-BW-WCB-F-18
1427,37,136,3010-RF-C5-F-8
1428,37,139,3010-RF-C12-F-8
1429,37,141,3010RF-WC6-F-8
1430,37,144,3010RJ-WC6-F-8
1431,37,156,3031-BW-WCB-P-18
1432,37,158,3031RF-WCB-P-10H
1433,37,159,3031RF-WCB-O-10H
1434,37,161,3031RF-CF8M-P-10H
1435,37,163,3031-RF-M35-P-9
1436,37,164,3031RF-CF8M-P-10H
1437,37,165,3031-RF-WCB-P-18
1438,37,166,3031RF-WCB-P-18
1439,37,168,3031-RF-CN7M-P-13
1440,37,169,3031-RF-C5-P-8
1441,37,170,3031RF-C12-P-8
1442,37,171,3031RF-WC6-P-8
1443,37,172,3031RJ-WC6-P-8
1444,37,173,3031RJ-C5-P-8
1445,37,183,3031RJ-WC6-P-8
1446,37,186,3032RF-CN7M-13
1447,37,188,3032-RF-CF8M-10
1448,37,189,3032-RF-CF8M-10
1449,37,191,3032-RF-WCB-10
1450,37,192,3032-BW-WCB-18
1451,37,193,3032-RF-M35-9
1452,37,194,3032RJ-C5-8
1453,37,195,3032-RF-WCB-18
1454,37,196,3032-RF-WCB-18
1455,37,197,3032-RF-WCB-10
1456,37,199,3032-RF-C5-18
1457,37,200,3032-RF-C12-18
1458,37,201,3032-RF-WC6-18
1459,37,202,3032-RJ-WC6-18
1460,37,233,3011-RF-WC6-F-8
1461,37,235,3011-RTJ-WCB-F-5
1462,37,237,3011-RTJ-WC6-F-5
1463,37,239,3011-RTJ-CF8M-S-10H
1464,37,240,3011-RJ-C12-F-5
1465,37,241,3011-RF-WCB-F-8
1466,37,242,3011-RF-C12-F-8
1467,37,243,3011-RF-CF8M-S-10H
1468,37,249,3011-RF-WCB-S/F-10H
1469,37,251,3011-RF-WCB-F-8
1470,37,252,3011RF-C12-F-8
1471,37,254,3011-RJ-CF8C-F
1472,37,255,3011-RJ-WC6-F-5
1473,37,258,3011-BW-WCB-F-5
1474,37,261,3011-BW-WC6-F-5
1475,37,262,3011-BW-WC6-F-5
1476,37,265,3011-RJ-C5-F-5
1477,37,281,3039-BW-WCB-P-5
1478,37,282,3039-RF-WCB-P-10H
1479,37,284,3039-RF-WC6-P-8
1480,37,285,3039-RJ-WCB-P-8
1481,37,287,3039-RJ-WC6-P-5
1482,37,288,3039-RJ-CF8M-P-10H
1483,37,289,3039-RJ-C12-P-8
1484,37,290,3039-RF-C12-P-8
1485,37,291,3039-RF-WCB-P-8
1486,37,293,3039-RF-CF8M-P-10H
1487,37,294,3039-RF-WCB-P-8
1488,37,295,3039-RF-C12-P-8
1489,37,296,3039-RJ-CF8C-P
1490,37,300,3039-BW-WC6-P-5
1491,37,301,3039-BW-WC6-P-5
1492,37,312,3039-RJ-WC5-P-5
1493,37,313,3039-RTJ-WC6-P-5
1494,37,317,3040-RF-WCB-8
1495,37,318,3040-RF-WCB-10
1496,37,319,3040-BW-WCB-5
1497,37,326,3040RTJ-CF8M-10H
1498,37,327,3040RF-WCB-8
1499,37,328,3040RTJ-C12-8
1500,37,329,3040RF-C12-8
1501,37,331,3040RF-CF8M-10H
1502,37,333,3040RTJ-WCB-10H
1503,37,334,3040RF-C12-8
1504,37,335,3040RTJ-CF8C
1505,37,339,3040-BW-WC6-5
1506,37,340,3040-BW-WC6-5
1507,37,341,3040-RTJ-C5-8
1508,37,342,3040-RTJ-WC6-5
1509,37,451,3012/PS-BW-WCB-F-5
1510,37,452,3012-BW-WCB-S-8
1511,37,453,3012/PS-BW-WC6-F-5
1512,37,454,3012/PS-BW-WCB-F-10
1513,37,455,3012/PS-BW-WC9-F-5
1514,37,456,3012/PS-BW-WCB-F-5
1515,37,457,3012-BW-WCB-F-10H
1516,37,458,3012-BW-WCB-F-5
1517,37,459,3012-BW-WC6-F-5
1518,37,460,3012-BW-WC9-F-5
1519,37,461,3012/PS-BW-CF8C-F
1520,37,462,3012BW-CF8C-F
1521,37,464,3012/PS-RJ-CF8C-F
1522,37,465,3012/PS-RJ-WC6-F-5
1523,37,466,3012/PS-RJ-WCB-F-10
1524,37,467,3012/PS-RJ-WC9-F-5
1525,37,468,3012/PS-BW-WCB-F-5
1526,37,469,3045/PS-BW-WCB-P-5
1527,37,470,3045-BW-WCB-P-8
1528,37,471,3045/PS-BW-WC6-P-5
1529,37,472,3045/PS-BW-WCB-P-10
1530,37,473,3045/PS-BW-WC9-P-5
1531,37,474,3045/PS-BW-WCB-P-5
1532,37,475,3045/PS-BW-CF8C-P
1533,37,476,3045BW-WCB-P-10H
1534,37,477,3045-BW-WCB-P-5
1535,37,478,3045WE-WC6-P-5
1536,37,479,3045WE-WC9-P-5
1537,37,480,3045BW-CF8C-P
1538,37,481,3045/PS-RJ-WCB-P-5
1539,37,482,3045/PS-RJ-WC6-P-5
1540,37,483,3045/PS-RJ-WCB-P-10
1541,37,484,3045/PS-RJ-WC9-P-5
1542,37,485,3045/PS-RJ-WCB-P-5
1543,37,486,3045/PS-RJ-CF8C-P
1544,37,490,3046-BW-WCB-5
1545,37,491,3046-BW-WCB-10H
1546,37,492,3046BW-WC6-5
1547,37,496,3046-BW-WCB-5
1548,37,497,3046BW-WC9-3
1549,37,498,3046BW-CF8C
1550,37,508,3013/PS-BW-WCB-F-5
1551,37,509,3013BW-WCB-S-8
1552,37,512,3013BW-WC6-S-8
1553,37,513,3013/PS-BW-WC6-F-5
1554,37,516,3013/PS-BW-WCB-F-10
1555,37,519,3013BW-WC9-S-8
1556,37,522,3013-BW-C5-F-8
1557,37,526,3013-BW-WCB-F-5
1558,37,527,3013/PS-BW-WC9-F-5
1559,37,528,3013/PS-BW-WCB-F-5
1560,37,532,3013/PS-BW-WCB-F-5
1561,37,533,3013/PS-BW-CF8C-F
1562,37,535,3013-BW-WCB-F-5
1563,37,536,3013BW-CF8C-F
1564,37,537,3013BW-WC6-F-5
1565,37,538,3013BW-WC9-F-8
1566,37,543,3013/PS-RJ-WCB-F-10
1567,37,544,3013/PS-RJ-WC9-F-5
1568,37,545,3013/PS-RJ-WCB-F-5
1569,37,546,3013/PS-RJ-CF8C-F
1570,37,547,3013/PS-RJ-WCB-F-5
1571,37,548,3013/PS-RJ-WC6-F-5
1572,37,551,3051/PS-BW-WCB-P-5
1573,37,553,3051/PS-BW-WC6-P-5
1574,37,557,3051BW-WC9-P-8
1575,37,558,3051/PS-BW-WC9-P-5
1576,37,559,3051BW-C5-P-8
1577,37,561,3051-BW-WCB-P-5
1578,37,562,3051-BW-WC6-P-5
1579,37,571,3051/PS-BW-WCB-P-5
1580,37,572,3051/PS-BW-CF8C-P
1581,37,574,3051-BW-CF8C-P
1582,37,575,3051-BW-WCB-P-5
1583,37,576,3051BW-WC9-P-5
1584,37,581,3051/PS-RJ-WCB-P-5
1585,37,586,3051/PS-BW-WC9-P-5
1586,37,587,3051/PS-RJ-CF8C-P
1587,37,598,3052BW-WC9-5
1588,37,600,3052-BW-C5-8
1589,37,610,3052-BW-WCB-5
1590,37,611,3052-BW-WCB-8
1591,37,612,3052-BW-WC6-5
1592,37,613,3052BW-CF8C
1593,37,631,3014/PS-BW-WCB-F-5
1594,37,634,3014/PS-RTJ
1595,37,639,3014/PS-BW-CF8C-F
1596,37,643,3054/PS-BW-WCB-P-5
1597,37,646,3054/PS-BW-CF8C-P
1598,37,649,3054/PS-RTJ
1599,37,650,3054/PS-RTJ
1600,37,688,3045-BW-WCB-P-8
1601,38,345,HRW633CC
1602,38,345,HVG633CC
1603,38,346,HRW633CC
1604,39,15,0815-00HG0
1605,39,18,0815-0SHG0
1606,39,26,0815-00H0T
1607,39,27,0815-YSHGO
1608,39,32,0815C0H00
1609,39,33,0815-G0H0T
1610,39,116,0830-00HG0
1611,39,118,0830-0SHG0
1612,39,121,0830-0SHG0
1613,39,127,0830-00HGT
1614,39,135,0830-C0HG0
1615,39,138,830Z-G0HG0
1616,39,140,0830-K0HGT
1617,39,143,0830-K0HGJ
1618,39,203,0C83-K0HGJ
1619,39,231,0860-00HG00
1620,39,232,0860-K0HGT
1621,39,236,0860-K0HGJ
1622,39,244,0860-G0HGJ
1623,39,245,0860Z-G0HG0
1624,39,248,0860-0SHG0
1625,39,250,0860-00HGT
1626,39,253,0860Z-GOHGT
1627,39,264,0860-COHGJ
1628,39,325,C86-HAOGJ
1629,39,330,C80-EAOGW
1630,39,336,C80-ZZOHW
1631,39,343,C80-K00GW
1632,39,379,0870-OOHGW
1633,39,380,0800-OSHGW
1634,39,381,0800-OSHGU
1635,39,382,0800-MSHGU
1636,39,383,0800-OOHGW
1637,39,384,0800-OOHGU
1638,39,385,0870-OOHGO
1639,39,386,0800-OSHGW
1640,39,387,0800-OSHGU
1641,39,388,0870-OOHGU
1642,39,389,0870-KTHGW
1643,39,390,0870-KTHGU
1644,39,391,0870-0S00W
1645,39,392,0870-0S00U
1646,39,393,0800-HSHGO
1647,39,394,0800-COHGW
1648,39,396,0800-COHGU
1649,39,398,0800-GOHGW
1650,39,399,0800-GOHGU
1651,39,400,0800-KOHGW
1652,39,401,0800-KOHGU
1653,39,422,G87-OOHGW
1654,39,423,G80-OSHGW
1655,39,424,G80-OSHGW
1656,39,425,G80-OOHGW
1657,39,426,G87-OOHGO
1658,39,427,G87-0S00W
1659,39,428,G87-KTHGW
1660,39,429,G80-COHGW
1661,39,430,G80-GOHGW
1662,39,431,G80-KOHGW
1663,39,443,C80-OOOGW
1664,39,444,C80-OSOGW
1665,39,445,C80-OSOGW
1666,39,446,C80-OOOGO
1667,39,448,C80-COOGW
1668,39,449,C80-GOOGW
1669,39,450,C80-KOOGW
1670,39,506,1570-OOHGU
1671,39,510,1570-KOOOU
1672,39,514,1570-OSOGU
1673,39,517,1588-ZOOOU
1674,39,520,1588-COOOU
1675,39,523,1570-OOHOW
1676,39,524,1588-OSHGU
1677,39,530,1588-Z-HHU
1678,39,534,1588-Z-HHW
1679,39,539,1570-KOOOW
1680,39,540,1588-ZOOOW
1681,39,541,1588-COOOW
1682,39,542,1570-OSOGW
1683,39,573,G150-Z-HHW
1684,39,577,G150-OSOGW
1685,39,578,G150-KOOOW
1686,39,579,G150-ZOOOW
1687,39,580,G150-COOOW
1688,39,582,C150-KOOOW
1689,39,583,C150-ZOOOW
1690,39,584,C150-COOOW
1691,39,585,C150-OSOGW
1692,39,595,G150-OOOGW
1693,39,614,C150-KOOOW
1694,39,615,C150-ZOOOW
1695,39,616,C150-COOOW
1696,39,617,C150-OSOGW
1697,40,1,G623
1698,40,2,(NOT UL OR FM LISTED)
1699,40,4,G-620
1700,40,5,G-939
1701,40,6,G931
1702,40,7,G-927
1703,40,19,15-OF-W12/13
1704,40,24,15-OF-U
1705,40,25,15-OF-U
1706,40,28,N15-OF-12
1707,40,29,15-OW-U
1708,40,35,15-OF-U
1709,40,36,15-OF-U
1710,40,37,15-OW-U
1711,40,47,150-GPW-U
1712,40,49,15-GPF-12
1713,40,52,N15-GPF-12H
1714,40,53,15-GPF-U
1715,40,54,15-GPF-U
1716,40,56,15-GPF-U
1717,40,62,15-GPW-U
1718,40,69,15-SF-12
1719,40,71,N15-SF-12
1720,40,74,15-SW-U
1721,40,76,15-SF-U
1722,40,77,15-SF-U
1723,40,80,15-SF-U
1724,40,82,15-SF-U
1725,40,83,15-SW-U
1726,40,110,B-135
1727,40,111,B-62
1728,40,112,B-345
1729,40,119,30-OF-12H
1730,40,122,N30-OF-12H
1731,40,125,30-OF-U
1732,40,126,30-OF-U
1733,40,129,30-OR-W11
1734,40,134,30-0W-U
1735,40,136,30-F-W11
1736,40,139,30-0F-W11
1737,40,141,30-0F-W11
1738,40,144,30-04-W11
1739,40,156,30-GPW-U
1740,40,158,N30-GP-F-12H
1741,40,159,30-GP-F-12H
1742,40,165,30-GPF-U
1743,40,166,30-GPF-U
1744,40,169,30-GPF-W11
1745,40,170,30-GPF-W11
1746,40,171,30-GPF-W11
1747,40,172,30-GPR-W11
1748,40,173,30-GPR-W11
1749,40,183,30-GPR-W11
1750,40,191,30-SF-W12
1751,40,192,30-SW-W11
1752,40,194,30-SR-W11
1753,40,195,30SF-W11
1754,40,196,30-SF-W12
1755,40,197,N30-SF-W12
1756,40,199,30-SF-W11
1757,40,200,30-SF-U
1758,40,201,30-SF-U
1759,40,202,30-SR-U
1760,40,217,B-64
1761,40,226,GA-73
1762,40,227,30-GCF-W13
1763,40,228,30-GCF-W13
1764,40,233,60-OF-U
1765,40,235,60-OR-W13
1766,40,237,60-OR-W13
1767,40,240,60-OR-W13
1768,40,241,60-OF-U
1769,40,242,60-OF-U
1770,40,249,N60-OF-12H
1771,40,251,60-OF-U
1772,40,252,60-OF-U
1773,40,255,60-OR-W13
1774,40,258,60-OW-W13
1775,40,261,60-0W-W13
1776,40,262,60-OW-W13
1777,40,265,60-OR-W13
1778,40,281,60-GPW-W13
1779,40,282,N60-GPF-12H
1780,40,284,60-GPF-W11
1781,40,285,60-GPR-U
1782,40,287,60-GPR-W13
1783,40,289,60-GPR-U
1784,40,290,60-GPF-U
1785,40,291,60-GPF-U
1786,40,294,60-GPF-U
1787,40,295,60-GPF-U
1788,40,300,60-GPW-W13
1789,40,301,60-GPW-W13
1790,40,312,60-GPR-W13
1791,40,313,60-GPR-W13
1792,40,317,60-SF-U
1793,40,318,N60-SF-W12
1794,40,319,60-SW-W13
1795,40,320,60-SF-U
1796,40,324,60-SR-W13
1797,40,327,60-SF-U
1798,40,328,60-SR-U
1799,40,329,60-SF-U
1800,40,333,60-SR-W13
1801,40,334,60-SF-U
1802,40,339,60-SW-W13
1803,40,340,60-SW-W13
1804,40,341,60-SR-U
1805,40,342,60-SR-W13
1806,40,357,GA-06
1807,40,358,GA-06
1808,40,359,GA-06
1809,40,368,60-GCF-W13
1810,40,369,60-GCR-W13
1811,41,221,HC0X0X03JGSZCCGM
1812,41,364,HC0X0X06JGRZCCGM
1813,41,365,HC0X0X06JGQZCCGM
1814,41,366,HC0X0X06JGQZCCGM
1815,41,367,HC0X0X06JGSZCCGM
1816,41,627,OF-15JGNNCZVY
1817,42,19,100-11B
1818,42,24,100-2
1819,42,25,100-2
1820,42,28,NS100-118
1821,42,29,105-2
1822,42,35,100-2
1823,42,36,100-2
1824,42,37,105-2
1825,42,47,115-2
1826,42,49,110-11B
1827,42,52,110-NS11B
1828,42,53,110-2
1829,42,54,110-2
1830,42,56,110-2
1831,42,57,110-2
1832,42,62,115-2
1833,42,69,140-11
1834,42,71,140-NS11
1835,42,74,145-2
1836,42,76,140-2
1837,42,77,140-2
1838,42,80,140-2
1839,42,82,140-2
1840,42,83,145-2
1841,42,119,300-11B
1842,42,122,NS300-11B
1843,42,125,300-2
1844,42,126,300-2
1845,42,129,301-2
1846,42,134,305-2
1847,42,136,300-2
1848,42,139,300-2
1849,42,141,300-2
1850,42,144,301-2
1851,42,156,315-2
1852,42,158,NS310-11B
1853,42,159,310-11B
1854,42,165,310-2
1855,42,166,310-2
1856,42,169,310-2
1857,42,170,310-2
1858,42,171,310-2
1859,42,172,311-2
1860,42,173,311-2
1861,42,183,311-2
1862,42,191,340-11
1863,42,192,345-2
1864,42,194,341-2
1865,42,195,340-2
1866,42,196,340-2
1867,42,197,340-NS11
1868,42,199,340-2
1869,42,200,340-2
1870,42,201,340-2
1871,42,202,340-2
1872,42,203,C311-112
1873,42,227,370-3
1874,42,228,380-3
1875,42,229,375-3
1876,42,230,385-3
1877,42,233,600-2
1878,42,235,601-3
1879,42,237,601-3
1880,42,240,601-3
1881,42,241,600-2
1882,42,242,600-2
1883,42,249,600-NS11B
1884,42,251,600-2
1885,42,252,600-2
1886,42,255,601-3
1887,42,258,605-3
1888,42,261,605-3
1889,42,262,605-3
1890,42,265,601-3
1891,42,281,615-3
1892,42,282,610-NS11B
1893,42,284,610-2
1894,42,285,611-2
1895,42,287,611-3
1896,42,289,611-2
1897,42,290,610-2
1898,42,291,610-2
1899,42,294,610-2
1900,42,295,610-2
1901,42,300,615-3
1902,42,301,615-3
1903,42,312,611-3
1904,42,313,611-3
1905,42,317,640-2
1906,42,318,NS640-11
1907,42,319,645-3
1908,42,320,640-2
1909,42,324,641-3
1910,42,327,640-2
1911,42,328,641-2
1912,42,329,640-2
1913,42,333,641-3
1914,42,334,640-2
1915,42,339,645-3
1916,42,340,645-3
1917,42,341,641-2
1918,42,342,641-3
1919,42,368,670-3
1920,42,369,671-3
1921,42,370,675-3
1922,42,371,675-3
1923,42,372,675-3
1924,42,374,680-3
1925,42,376,685-3
1926,42,377,685-3
1927,42,378,685-3
1928,42,451,50905-3
1929,42,453,5090-3
1930,42,454,50905-NS11B
1931,42,455,50905-3
1932,42,456,50905-3
1933,42,457,NS-905-11B
1934,42,458,905-3
1935,42,459,905-3
1936,42,460,905-3
1937,42,461,50905-14
1938,42,464,50901-14
1939,42,465,50901-3
1940,42,466,50901-NS11B
1941,42,467,50901-3
1942,42,468,50905-3
1943,42,469,50915-3
1944,42,470,915-2
1945,42,471,50915-3
1946,42,472,50915-NS11B
1947,42,473,59015-3
1948,42,474,50915-3
1949,42,475,50915-14
1950,42,476,NS915-11B
1951,42,477,915-3
1952,42,478,915-3
1953,42,479,915-3
1954,42,481,59011-3
1955,42,482,50911-3
1956,42,483,50911-NS11B
1957,42,484,50911-3
1958,42,485,50911-3
1959,42,486,50911-14
1960,42,490,945-3
1961,42,491,NS945-11B
1962,42,492,945-3
1963,42,496,945-3
1964,42,497,945-3
1965,42,508,51505-3
1966,42,509,1505-2
1967,42,512,1505-2
1968,42,513,51505-3
1969,42,516,51505-NS11B
1970,42,519,1505-2
1971,42,522,1505-2
1972,42,526,1505-3
1973,42,527,51505-3
1974,42,528,51505-3
1975,42,532,51505-3
1976,42,533,51505-14
1977,42,535,1505-3
1978,42,537,1505-3
1979,42,538,1505-3
1980,42,543,51501-NS11B
1981,42,544,51501-3
1982,42,545,51501-3
1983,42,546,51501-14
1984,42,547,51501-3
1985,42,548,51501-3
1986,42,550,71515-2
1987,42,551,51515-3
1988,42,553,51515-3
1989,42,557,1515-2
1990,42,558,51515-3
1991,42,559,1515-2
1992,42,561,1515-3
1993,42,562,1515-3
1994,42,568,71515-2
1995,42,571,51515-3
1996,42,572,51515-14
1997,42,574,1515-13B
1998,42,575,1515-3
1999,42,576,1515-3
2000,42,581,51511-3
2001,42,586,51515-3
2002,42,587,51511-14
2003,42,598,1545-3
2004,42,600,1545-2
2005,42,603,7156-5-2
2006,42,610,1545-3
2007,42,611,1545-2
2008,42,612,1545-3
2009,42,631,52505-3
2010,42,634,52501-3
2011,42,639,52505-14
2012,42,643,52515-3
2013,42,646,52515-14
2014,42,649,52511-3
2015,42,652,C-2535-012
2016,42,688,915-2
2017,43,208,0367
2018,44,90,067-ALLOY20/ALLOY20
2019,45,15,F-0054B-02-TY
2020,45,16,C-0064B-23-AA
2021,45,18,F-0054B-02-MY
2022,45,23,F-0054T-02-TS
2023,45,26,F-0054B-02-TY
2024,45,27,F-0054B-02-NB
2025,45,32,F-0054B-04-TY
2026,45,33,F-0054B-09-TY
2027,45,34,F-0054T-04-TS
2028,45,39,F-0054T-02TY
2029,45,40,F-0054R-02-TY
2030,45,41,F-0054T-02-NB
2031,45,42,F-0054T-09-TY
2032,45,43,F-0054T-02-MY
2033,45,46,F-0054T-13-MY
2034,45,55,F-0074T-02-TY
2035,45,58,F-0074T-09-TY
2036,45,59,F-0074T-02-MY
2037,45,61,F-0074T-13-MY
2038,45,64,F-0074T-02-TY
2039,45,65,F-0074R-02-TY
2040,45,66,F-0074T-02-NB
2041,45,67,F-0074T-04-TY
2042,45,79,F-0114C-19
2043,45,116,F-1045B-02-TY
2044,45,118,F1054B-02-MY
2045,45,121,F1054B-02-MY
2046,45,127,F-1054B-02-TY
2047,45,135,F-1054B-04-TY
2048,45,137,F-1054T-04-TS
2049,45,138,F-1064B-09TY
2050,45,140,F-1054B-TY
2051,45,142,F-1054T-02-TS
2052,45,143,4-1054B-05-TY
2053,45,145,F-1054T-02-TS
2054,45,146,F-1054T-02-NB
2055,45,147,F-1054T-09-TS
2056,45,148,F-1054T-05-TS
2057,45,149,R-1054T-04-TS
2058,45,150,F-1054T-02-MS
2059,45,151,R-1054T-05-TS
2060,45,154,F-1054T-13-MS
2061,45,155,F-1054T-13-MS
2062,45,160,F-1074T-02-TY
2063,45,174,F-1074T-09-TY
2064,45,175,F-1074T-05-TY
2065,45,176,R-1074T-05-TY
2066,45,177,F-1074T-04-TY
2067,45,178,R-1074T-04-TY
2068,45,180,F-1074T-13-MS
2069,45,181,F-1074T-02-MS
2070,45,182,F-1074T-13-MS
2071,45,184,F-1074T-02-TY
2072,45,185,F-1074T-02-NB
2073,45,203,R-1034B-05-TY
2074,45,231,F-2054B-02-TY
2075,45,232,F-2054B-05-TY
2076,45,236,R2054B-05-TY
2077,45,244,R2054B-09-TY
2078,45,245,F-2064B-09-TY
2079,45,248,F-2054B-02-NB
2080,45,250,F-2054B-02-TY
2081,45,253,F2064-09-TY
2082,45,256,W-2054B-15-AA
2083,45,257,C-2054B-15-AA
2084,45,263,S-2064B-23-AA
2085,45,264,R-2054B-04-TY
2086,45,266,F-2054T-02-TY
2087,45,267,R-2045T-02-TS
2088,45,268,F-2054T-02-NB
2089,45,269,F-2054T-02-TY
2090,45,271,F-2054T-05-TY
2091,45,272,R-2054T-05-TY
2092,45,273,R-2054T-04-TY
2093,45,274,R-2054T-05-TY
2094,45,275,F-2054T-09-TY
2095,45,276,F-2054T-09-TY
2096,45,277,R-2054T-13-MS
2097,45,280,R-2054T-15-AA
2098,45,297,W2074B-15-AA
2099,45,302,F-2074T-05-TY
2100,45,303,R-2074T-05-TY
2101,45,304,R-2074T-13-MS
2102,45,305,R-2074T-05-TY
2103,45,306,R-2074T-09-TY
2104,45,307,F-2074T-09-TY
2105,45,308,F-2074T-09-TS
2106,45,310,R-2074T-15-AA
2107,45,314,F-2074T-02-TY
2108,45,315,F-2074T-02-NB
2109,45,316,F-2074T-02-TY
2110,45,379,W-2054W-02-TY
2111,45,380,W-2054B-02-MY
2112,45,381,W/S2054B-02-MY
2113,45,382,W/S2054B-14-MY
2114,45,383,W2054B-02-TY
2115,45,384,W/S2054B-02-TY
2116,45,385,S-2054W-02-TY
2117,45,386,W-2054B-02-MY
2118,45,387,W/S2054B-02-MY
2119,45,388,W/S2054W-02-TY
2120,45,389,W-2054W-05-TS
2121,45,390,3-2054W-05-TS
2122,45,391,W-2054W-02-NB
2123,45,392,C-2054W-02-NB
2124,45,393,S-2054B-13-MY
2125,45,394,W-2054B-04-TY
2126,45,395,W-1054T-04-TS
2127,45,396,C-2054B-04-TY
2128,45,397,C-2054T-04-TS
2129,45,398,W2054B-09-TY
2130,45,399,C-2054B-09-TY
2131,45,400,W-2054B-05-TY
2132,45,401,C-2054B-05-TY
2133,45,402,W-2054T-02-TS
2134,45,403,C-2054T-02-TS
2135,45,404,W-2054T-09-TS
2136,45,405,C-2054T-09-TS
2137,45,406,W-2054T-05-TS
2138,45,407,C-2054T-05-TS
2139,45,408,W-2054T-02-NB
2140,45,409,C-2054T-02-NB
2141,45,410,W-2054T-02-MS
2142,45,411,C-2054T-02-MS
2143,45,412,W-2054R-02-TS
2144,45,413,C-2054R-02-TS
2145,45,414,W-2054R-02-NB
2146,45,415,C-2054R-02-NB
2147,45,416,W-2054T-14-MS
2148,45,417,C-2054T-14-MS
2149,45,418,W-2054T-14-MS
2150,45,419,C-2054T-14-MS
2151,45,420,W-2054T-15-AA
2152,45,421,C-2054T-15-AA
2153,45,422,W2074W-02-TY
2154,45,423,W-2074B-02-MY
2155,45,424,W-2074B-02-NB
2156,45,425,W-2074B-02-TY
2157,45,426,S-2074W-02-TY
2158,45,427,W-2074W-02-NB
2159,45,428,W-2074W-05-TS
2160,45,429,W-2074B-04-TY
2161,45,430,W-2074B-09-TY
2162,45,431,W-2074B-05-TY
2163,45,432,W-2074T-15-AA
2164,45,433,W-2074T-09-TS
2165,45,434,W-2074T-05-TS
2166,45,435,W-2074T-13-MS
2167,45,436,W-2074T-02-MS
2168,45,437,W-2074T-14-MS
2169,45,438,W-2074T-02-TS
2170,45,439,W-2074R-02-TS
2171,45,440,W-2074T-02-NB
2172,45,441,W-2074R-02-NB
2173,45,442,W-2074T-04-TS
2174,45,443,W-2034B-02-TY
2175,45,444,W-2034B-02-MY
2176,45,445,W-2034B-02-NB
2177,45,446,S-2034B-02-TY
2178,45,447,W-2034W-02-NB(1)
2179,45,448,W-2034B-04-TY
2180,45,449,W2034B-09-TY
2181,45,450,W2034B-05-TY
2182,45,506,C3054W-02-TY
2183,45,507,R3064B-02-TY
2184,45,510,C-3054W-05-TY
2185,45,511,R-3064B-05-TY
2186,45,514,C-3054W-02-NB
2187,45,515,R-3064B-02-NB
2188,45,517,C-3064B-06-TY
2189,45,518,R-3064B-06-TY
2190,45,520,C-3064B-06-TY
2191,45,521,R-3064B-04-TY
2192,45,523,W-305RW-02-TY
2193,45,524,C-3064B-02-NB
2194,45,525,R-3064B-02-TY
2195,45,530,C-3064B-15AA
2196,45,531,R-3064B-1511
2197,45,534,2-3064B-15AA
2198,45,539,W-3054W-05-TY
2199,45,540,W-3064B-06-TY
2200,45,541,W-3064B-06-TY
2201,45,542,W-3054W-02-NB
2202,45,549,R3074B-05-TY
2203,45,556,R-3074B-06-TY
2204,45,560,R-3074B-04-TY
2205,45,563,W-3076W-05-TS
2206,45,564,W-3076W-02-TY
2207,45,565,X3076W-05-TY
2208,45,566,R-3074B-02-TY
2209,45,567,R-3074B-02-NB
2210,45,573,W3074B-15AA
2211,45,577,W-3074B-02-NB
2212,45,578,W-3074B-05-TY
2213,45,579,W-3074B-06-TY
2214,45,580,W-3074B-04-TY
2215,45,582,W-3034B-05-TY
2216,45,583,W-3034B-06-TY
2217,45,584,2-3034-04-TY
2218,45,585,W-3034B-02-NB
2219,45,588,R-3034B-05-TY(1)
2220,45,589,B-8036W-02-TY(1)
2221,45,590,B-8036W-02-NB(1)
2222,45,593,B-8036W-06-TY
2223,45,595,W-3034B-02-TY(1)
2224,45,596,R-3034B-06-TY
2225,45,599,R-3034B-04-TY
2226,45,601,B-8036W-05-TY(1)
2227,45,602,R-3034B-02-TY
2228,45,607,R-3034B-02-NB(1)
2229,45,609,B8036-15AA(1)
2230,45,614,W-3034B-05-TY
2231,45,615,W-3034B-06-TY
2232,45,616,W-3034B-04-TY
2233,45,617,W-3034B-02-NB
2234,45,641,R-9076Y-02-TY
2235,45,642,R-9076Y-02-TY(1)
2236,45,645,B-9076Y-15-AA
2237,45,647,W9076Y-15AA(1)
2238,45,648,W9076Y-02-TY
2239,45,652,B9036W-02-TY
2240,45,654,B-4114C-02-TS
2241,45,656,B9036W-15AA(1)
2242,45,660,B-4114C-15AA
2243,46,15,353
2244,46,18,353 F8M
2245,46,26,353
2246,46,27,353 F8M
2247,46,116,363
2248,46,118,363 F8M
2249,46,121,363-F8M
2250,46,127,363
2251,46,231,373
2252,46,248,373 F8M
2253,46,250,373
2254,46,330,SW718
2255,46,379,SW-2801
2256,46,380,SW12111F8M
2257,46,381,TSW-12111 F8M
2258,46,382,TSW-12401
2259,46,383,SW12111
2260,46,384,TSW12111
2261,46,385,2801
2262,46,386,SW12111 F8M
2263,46,387,TSW-12111 F8M
2264,46,388,TSW2801
2265,46,389,SW2801-FHF
2266,46,390,5SW2801-FHF
2267,46,391,SW2801MB8
2268,46,392,TSW2801MB8
2269,46,393,12401
2270,46,394,SW12421
2271,46,395,SW2801B
2272,46,396,TSW12421
2273,46,397,TSW2801
2274,46,400,SW12321
2275,46,401,TSW12321
2276,46,402,SW2801B
2277,46,403,TSW2801
2278,46,404,SW2801B
2279,46,405,TSW2801B
2280,46,406,SW2801B
2281,46,407,TSW2801B
2282,46,408,SW2801B
2283,46,409,TSW2801B
2284,46,410,SW2801B
2285,46,411,TSW2801B
2286,46,416,SW2801B
2287,46,417,TSW2801B
2288,46,418,SW2801B
2289,46,419,TSW2801B
2290,46,422,SW-2801
2291,46,424,SW12141 MB8
2292,46,425,SW12141
2293,46,426,2821
2294,46,428,SW66733
2295,46,431,SW12351
2296,46,436,SW42141B(1)
2297,46,437,SW42141B(1)
2298,46,440,SW42141B
2299,46,443,SW701
2300,46,444,SW701-F8M
2301,46,445,SW701-F8M
2302,46,506,SW15801
2303,46,507,11683
2304,46,523,SW15801
2305,46,525,11683
2306,46,566,10683
2307,46,595,SW15701
2308,46,602,15593
2309,46,628,TSW66703
2310,46,630,SW66703
2311,47,,
2312,48,1,W716/W726F
2313,48,4,W726
2314,48,6,W928F
2315,48,7,W928
2316,48,19,5202F
2317,48,24,5202F-UT
2318,48,25,5202F-UT
2319,48,28,5202F
2320,48,29,502WE-UT
2321,48,35,5202F-UT
2322,48,36,5202F-UT
2323,48,37,5202WE-UT
2324,48,47,5275WE-UT
2325,48,49,5275F
2326,48,52,5275F
2327,48,53,5275F-UT
2328,48,54,5275F-UT
2329,48,56,5275F-UT
2330,48,57,5275F-UT
2331,48,62,5275WE-UT
2332,48,69,5341F
2333,48,71,5341F
2334,48,74,5341WE
2335,48,76,5341F
2336,48,77,5341F
2337,48,80,5341F
2338,48,82,5341F
2339,48,83,5341WE
2340,48,84,1749F
2341,48,84,1752F
2342,48,89,1749F
2343,48,89,1752F
2344,48,110,37
2345,48,111,3245P
2346,48,112,3420
2347,48,119,5206F
2348,48,122,5206F
2349,48,125,5206F-UT
2350,48,126,5206F-UT
2351,48,129,5206F-UT
2352,48,134,5206WE-UT
2353,48,136,5206F-UT
2354,48,139,5206F-UT
2355,48,141,5206F-UT
2356,48,144,5206F-UT
2357,48,156,5281WE-UT
2358,48,158,5281F
2359,48,159,5281F
2360,48,165,5281F
2361,48,166,5281F-UT
2362,48,169,5281F
2363,48,170,5281F
2364,48,171,5281F
2365,48,172,5281F-RTJ
2366,48,173,5281F-RTJ
2367,48,183,5281F-RTJ
2368,48,191,5344F
2369,48,192,5344WE
2370,48,194,5344-F
2371,48,195,5344F
2372,48,196,5344F
2373,48,197,5344F
2374,48,199,5344F
2375,48,200,5344F
2376,48,201,5344F
2377,48,202,5344F
2378,48,204,1760SWE
2379,48,212,1760F
2380,48,212,3422
2381,48,212,3622
2382,48,213,1760F
2383,48,213,3422
2384,48,213,3622
2385,48,214,1760
2386,48,249,5232F
2387,48,249,W5232F
2388,48,255,5232F
2389,48,258,5232WE
2390,48,261,5232WE
2391,48,262,5232WE
2392,48,265,5232F
2393,48,281,5295WE
2394,48,282,5295F
2395,48,284,5295F
2396,48,285,5295F
2397,48,287,5295F
2398,48,289,5295F
2399,48,290,5295F
2400,48,291,5295F
2401,48,294,5295F
2402,48,295,5295F
2403,48,300,5295WE
2404,48,301,5295WE
2405,48,312,5295F
2406,48,313,5295F
2407,48,317,5350F
2408,48,318,5350F
2409,48,319,5350WE
2410,48,320,5350F
2411,48,324,5350F
2412,48,327,5350F
2413,48,328,5350F
2414,48,329,5350F
2415,48,333,5350F
2416,48,334,5350F
2417,48,339,3550WE
2418,48,340,5350WE
2419,48,341,5350F
2420,48,342,5350F
2421,48,344,1748
2422,48,345,6512
2423,48,345,6622
2424,48,346,6512
2425,48,346,6622
2426,48,347,1748
2427,48,452,5247WE
2428,48,457,5247WE
2429,48,458,5247WE
2430,48,459,5247WE
2431,48,460,5247WE
2432,48,470,5301WE
2433,48,476,5301WE
2434,48,477,5301WE
2435,48,478,5301WE
2436,48,479,5301WE
2437,48,490,5353WE
2438,48,491,5353WE
2439,48,492,5353WE
2440,48,496,5353WE
2441,48,497,5353WE
2442,48,499,9524
2443,48,509,5262WE
2444,48,512,5262WE
2445,48,519,5262WE
2446,48,522,5262WE
2447,48,526,5262WE
2448,48,535,5262WE
2449,48,537,5262WE
2450,48,538,5262WE
2451,48,550,5308WE
2452,48,557,5308WE
2453,48,559,5308WE
2454,48,561,5308WE
2455,48,562,5308WE
2456,48,575,5308WE
2457,48,576,5308
2458,48,598,5356WE
2459,48,600,5356WE
2460,48,610,5356WE
2461,48,612,5356WE
2462,48,618,5511
2463,48,620,5514
2464,48,688,5301WE
2465,49,670,SS-6NBS8
2466,49,671,C20-6NBS8-C20-SH
2467,49,681,SS-M3NBFS8-FL
2468,49,684,HM591U3331412
2469,49,684,SS-M2BF8
2470,49,685,SS-M2B
2471,50,93,AF5166TM
2472,50,103,AF5146RM150-T3660
2473,50,103,AF5146RZ150-T3661
2474,50,106,AF5146RM150-T3660
2475,50,106,AF5146RZ150-T3661
2476,50,115,48-16RSE
2477,50,218,AF5246RM300-T3662
2478,50,218,AF5246RZ300-T3663
2479,50,219,AF5246RM300-T3662
2480,50,219,AF5246RZ300-T3663
2481,50,360,AF5246RM300-T3662
2482,50,361,FZ4446RMSW/SE-T3664
2483,50,362,FZ4446RMSW-T3657
2484,50,363,FZ4446RMSW/SE-T3664
2485,51,87,067FJEG-WCB/WCB
2486,51,87,067FJWCB/WCB
