id,description,lock_version,updated_at,created_at,unit_no
1,UNSPECIFIED,0,1/8/2009 0:00,1/8/2009 0:00,
2,ALKY MEROX,0,1/8/2009 0:00,1/8/2009 0:00,4500
3,ALKY,0,1/8/2009 0:00,1/8/2009 0:00,4000
4,BUTAMER,0,1/8/2009 0:00,1/8/2009 0:00,8200
5,C3 SPLITTER,0,1/8/2009 0:00,1/8/2009 0:00,7600
6,CLAUS A,0,1/8/2009 0:00,1/8/2009 0:00,6701
8,CLAUS B,0,1/8/2009 0:00,1/8/2009 0:00,6702
10,CLAUS C,0,1/8/2009 0:00,1/8/2009 0:00,6703
11,CLAUS D,0,1/8/2009 0:00,1/8/2009 0:00,6704
12,#1 COKER,0,1/8/2009 0:00,1/8/2009 0:00,6100
13,#1 CRUDE,0,1/8/2009 0:00,1/8/2009 0:00,3100
14,#4 CRUDE,0,1/8/2009 0:00,1/8/2009 0:00,3400
15,#1 DEHEX,0,1/8/2009 0:00,1/8/2009 0:00,4801
16,#2 DEHEX,0,1/8/2009 0:00,1/8/2009 0:00,4801
17,FCC,0,1/8/2009 0:00,1/8/2009 0:00,
18,HYDROCRACKER,0,1/8/2009 0:00,1/8/2009 0:00,
19,#1 HYDROGEN PLANT,0,1/8/2009 0:00,1/8/2009 0:00,500
20,#2 HYDROGEN PLANT,0,1/8/2009 0:00,1/8/2009 0:00,8000
21,ISOM,0,1/8/2009 0:00,1/8/2009 0:00,2400
22,JET TREATER,0,1/8/2009 0:00,1/8/2009 0:00,600
23,#1 REFORMER LIGHT HYDRO,0,1/8/2009 0:00,1/8/2009 0:00,2500
24,#2 REFORMER LPG,0,1/8/2009 0:00,1/8/2009 0:00,2800
25,FCC LIQUIDS RECOVERY (LRU),0,1/8/2009 0:00,1/8/2009 0:00,1700
26,MID BARREL,0,1/8/2009 0:00,1/8/2009 0:00,1900
27,#3 REFORMER,0,1/8/2009 0:00,1/8/2009 0:00,2901
28,#1 REFORMER DESULF,0,1/8/2009 0:00,1/8/2009 0:00,2102
29,#2 REFORMER/DESULF,0,1/8/2009 0:00,1/8/2009 0:00,2202
30,#4 STEAM  PLANT,0,1/8/2009 0:00,1/8/2009 0:00,8400
31,#1 TAIL GAS,0,1/8/2009 0:00,1/8/2009 0:00,6801
32,#2 TAIL GAS,0,1/8/2009 0:00,1/8/2009 0:00,6800
33,51 VACUUM S/R,0,1/8/2009 0:00,1/8/2009 0:00,5100
34,SRD,0,1/8/2009 0:00,1/8/2009 0:00,2701
35,#7 COOLING TOWER,0,1/8/2009 0:00,1/8/2009 0:00,8803
36,#10 COOLING TOWER,0,1/8/2009 0:00,1/8/2009 0:00,8902
37,#12 COOLING TOWER,0,1/8/2009 0:00,1/8/2009 0:00,8806
38,#13 COOLING TOWER,0,1/8/2009 0:00,1/8/2009 0:00,8903
39,#14 COOLING TOWER,0,1/8/2009 0:00,1/8/2009 0:00,8904
40,FFHDS,0,1/8/2009 0:00,1/8/2009 0:00,2300
41,NESHAPS SOUTH,0,1/8/2009 0:00,1/8/2009 0:00,3500
42,#2 DEBUTANIZER,0,1/8/2009 0:00,1/8/2009 0:00,8102
43,WASH SLAB,0,1/8/2009 0:00,1/8/2009 0:00,
44,SUPPORT SERVICES,0,1/8/2009 0:00,1/8/2009 0:00,
45,#2 CRUDE,0,1/8/2009 0:00,1/8/2009 0:00,3200
46,52 VACUUM,0,1/8/2009 0:00,1/8/2009 0:00,5200
47,#15 COOLING TOWER,0,1/8/2009 0:00,1/8/2009 0:00,8905
48,LED,0,1/8/2009 0:00,1/8/2009 0:00,2700
49,NORTH AREA DIB,0,1/8/2009 0:00,1/8/2009 0:00,2702
50,SOUR WATER STRIPPER A,0,1/8/2009 0:00,1/8/2009 0:00,6900
51,SOUR WATER STRIPPER B,0,1/8/2009 0:00,1/8/2009 0:00,6900
60,#41 BOILER,0,1/8/2009 0:00,1/8/2009 0:00,8400
61,CGF SWING,0,1/8/2009 0:00,1/8/2009 0:00,4800
62,#2 COKER,0,1/8/2009 0:00,1/8/2009 0:00,6300
63,COKER GAS FRAC,0,1/8/2009 0:00,1/8/2009 0:00,4800
64,#01 COOLING TOWER,0,1/8/2009 0:00,1/8/2009 0:00,8808
65,#02 COOLING TOWER,0,1/8/2009 0:00,1/8/2009 0:00,
66,#03 COOLING TOWER,0,1/8/2009 0:00,1/8/2009 0:00,
67,#04 COOLING TOWER,0,1/8/2009 0:00,1/8/2009 0:00,
68,#05 COOLING TOWER,0,1/8/2009 0:00,1/8/2009 0:00,8801
69,#06 COOLING TOWER,0,1/8/2009 0:00,1/8/2009 0:00,
70,#08 COOLING TOWER,0,1/8/2009 0:00,1/8/2009 0:00,8804
71,#09 COOLING TOWER,0,1/8/2009 0:00,1/8/2009 0:00,8901
72,#11 COOLING TOWER,0,1/8/2009 0:00,1/8/2009 0:00,8805
73,HDS (FFHDS),0,1/8/2009 0:00,1/8/2009 0:00,2300
74,SOUTH DEA CONTACTER,0,1/8/2009 0:00,1/8/2009 0:00,6800
75,#1 DEA,0,1/8/2009 0:00,1/8/2009 0:00,901
76,#2 DEA,0,1/8/2009 0:00,1/8/2009 0:00,902
77,#3 DEA,0,1/8/2009 0:00,1/8/2009 0:00,6501
78,#4 DEA,0,1/8/2009 0:00,1/8/2009 0:00,6502
79,#5 DEA,0,1/8/2009 0:00,1/8/2009 0:00,6503
80,#1 DEBUTANIZER,0,1/8/2009 0:00,1/8/2009 0:00,8102
81,#3 DEBUTANIZER,0,1/8/2009 0:00,1/8/2009 0:00,8102
82,#4 DEBUTANIZER,0,1/8/2009 0:00,1/8/2009 0:00,8102
83,EAST VAPOR CAUSTIC TOWER,0,1/8/2009 0:00,1/8/2009 0:00,5500
84,#1 REFORMER,0,1/8/2009 0:00,1/8/2009 0:00,2101
85,#2 REFORMER,0,1/8/2009 0:00,1/8/2009 0:00,2201
86,#1 TREATER GEN,0,1/8/2009 0:00,1/8/2009 0:00,3800
87,ISO OCTENE,0,1/8/2009 0:00,1/8/2009 0:00,4400
88,#3 JOY AIR COMPRESSOR,0,1/8/2009 0:00,1/8/2009 0:00,8302
89,#4 JOY AIR COMPRESSOR,0,1/8/2009 0:00,1/8/2009 0:00,8401
90,MTBE,0,1/8/2009 0:00,1/8/2009 0:00,4400
91,MULTIPLE UNITS,0,1/8/2009 0:00,1/8/2009 0:00,
92,#1 NAPHTHA SPLITTER,0,1/8/2009 0:00,1/8/2009 0:00,8102
93,#2 NAPHTHA SPLITTER,0,1/8/2009 0:00,1/8/2009 0:00,8102
94,#3 NAPHTHA SPLITTER,0,1/8/2009 0:00,1/8/2009 0:00,8102
95,NESHAPS NORTH,0,1/8/2009 0:00,1/8/2009 0:00,3500
96,NORTH AREA SOUR WATER DRUM,0,1/8/2009 0:00,1/8/2009 0:00,8609
98,SOUTH AREA DIB (SFIA),0,1/8/2009 0:00,1/8/2009 0:00,5500
99,SULFUR PLANT,0,1/8/2009 0:00,1/8/2009 0:00,
100,5TH SECTION,0,1/8/2009 0:00,1/8/2009 0:00,
101,OFFICE SUPPLIES,0,1/8/2009 0:00,1/8/2009 0:00,
102,WAREHOUSE,0,1/8/2009 0:00,1/8/2009 0:00,
103,SURPLUS,0,1/8/2009 0:00,1/8/2009 0:00,
104,SLAB,0,1/8/2009 0:00,1/8/2009 0:00,
105,TOOL TRAILERS,0,1/8/2009 0:00,1/8/2009 0:00,
106,TAR PROCUREMENT,0,1/8/2009 0:00,1/8/2009 0:00,
107,SFIA,0,1/8/2009 0:00,1/8/2009 0:00,5500
108,ISOSIV,0,1/8/2009 0:00,1/8/2009 0:00,5900
109,#2 SOUR WATER OXID,0,1/8/2009 0:00,1/8/2009 0:00,6600
110,#2 DESULFURIZER,0,1/8/2009 0:00,1/8/2009 0:00,2202
111,DEPROPANIZER-FCC #2,0,1/8/2009 0:00,1/8/2009 0:00,1300
112,ALKY DEPENT,0,1/8/2009 0:00,1/8/2009 0:00,5300
113,WEST VAPOR CAUSTIC TOWER,0,1/8/2009 0:00,1/8/2009 0:00,5500
114,ROUTINE,0,1/8/2009 0:00,1/8/2009 0:00,
116,#5 FLARE,0,1/8/2009 0:00,1/8/2009 0:00,8001
117,STORAGE & HANDLING,0,1/8/2009 0:00,1/8/2009 0:00,7502
118,COKER GAS MEROX,0,1/8/2009 0:00,1/8/2009 0:00,4600
119,SPENT ACID HANDLING,0,1/8/2009 0:00,1/8/2009 0:00,3903
121,#5 TRAP,0,1/8/2009 0:00,1/8/2009 0:00,8702
131,FCC FLARE,0,1/8/2009 0:00,1/8/2009 0:00,1103
141,HDS FLARE,0,1/8/2009 0:00,1/8/2009 0:00,2301
151,H/C FLARE,0,1/8/2009 0:00,1/8/2009 0:00,304
201,#1 COKER S/R,0,1/8/2009 0:00,1/8/2009 0:00,9985
202,#1 CRUDE S/R,0,1/8/2009 0:00,1/8/2009 0:00,9989
203,#1 LOADING RACK,0,1/8/2009 0:00,1/8/2009 0:00,7401
204,#1 OIL TRAP,0,1/8/2009 0:00,1/8/2009 0:00,8714
205,#1 PP PKG WHS,0,1/8/2009 0:00,1/8/2009 0:00,7134
206,#1 PUMP HOUSE,0,1/8/2009 0:00,1/8/2009 0:00,7501
207,#1 PUMP HOUSE CONTROL RM,0,1/8/2009 0:00,1/8/2009 0:00,7503
208,#1 REFORMER S/R,0,1/8/2009 0:00,1/8/2009 0:00,9982
209,#1 TRT #1/2 DEHEX,0,1/8/2009 0:00,1/8/2009 0:00,4801
210,#1 TRT #1/2/3 STOVE OIL,0,1/8/2009 0:00,1/8/2009 0:00,3802
211,#1 TRT DEHAZER/LCO/DSL,0,1/8/2009 0:00,1/8/2009 0:00,3803
212,#1 TRT DILUTE CAUSTIC,0,1/8/2009 0:00,1/8/2009 0:00,3804
213,#1 TRT E/W PETRECO GAS,0,1/8/2009 0:00,1/8/2009 0:00,3801
214,#1 YARD AIR COMP,0,1/8/2009 0:00,1/8/2009 0:00,8303
215,#12A COOLING TOWER,0,1/8/2009 0:00,1/8/2009 0:00,8807
216,#15A COOLING TOWER,0,1/8/2009 0:00,1/8/2009 0:00,8906
217,#17 COOLING TOWER,0,1/8/2009 0:00,1/8/2009 0:00,8907
218,#2 ALKY SWITCH RM,0,1/8/2009 0:00,1/8/2009 0:00,9973
219,#2 COKER S/R,0,1/8/2009 0:00,1/8/2009 0:00,9986
220,#2 CRD SWITCH RM,0,1/8/2009 0:00,1/8/2009 0:00,9969
221,#2 CRUDE MCC S/R,0,1/8/2009 0:00,1/8/2009 0:00,9977
222,#2 CRUDE S/R,0,1/8/2009 0:00,1/8/2009 0:00,9983
223,#2 FOAM PUMPHOUSE,0,1/8/2009 0:00,1/8/2009 0:00,8713
224,#2 LIFT STATION,0,1/8/2009 0:00,1/8/2009 0:00,8717
225,#2 POLYPROPYLENE (FUTURE),0,1/8/2009 0:00,1/8/2009 0:00,7200
226,#2 PUMP HOUSE,0,1/8/2009 0:00,1/8/2009 0:00,7504
227,#2 REFORMER S/R,0,1/8/2009 0:00,1/8/2009 0:00,9987
228,#2 SOUR H20 OXID,0,1/8/2009 0:00,1/8/2009 0:00,6600
229,#2 TRT,0,1/8/2009 0:00,1/8/2009 0:00,3900
230,#2 TRT #2 MEROX/JP4,0,1/8/2009 0:00,1/8/2009 0:00,3901
231,#2 TRT #4 STOVE OIL,0,1/8/2009 0:00,1/8/2009 0:00,3904
232,#2 TRT CTU/RR,0,1/8/2009 0:00,1/8/2009 0:00,3902
233,#2 TRT SPENT CHEM,0,1/8/2009 0:00,1/8/2009 0:00,3903
234,#3 REFORMER S/R,0,1/8/2009 0:00,1/8/2009 0:00,9988
235,#3 REFORMER TK STORAGE,0,1/8/2009 0:00,1/8/2009 0:00,2902
236,#4 CRUDE S/R,0,1/8/2009 0:00,1/8/2009 0:00,9979
237,#4 LOADING RACK - LINE NOS ONLY,0,1/8/2009 0:00,1/8/2009 0:00,7402
238,#4 OIL TRAP,0,1/8/2009 0:00,1/8/2009 0:00,8701
239,#5A COOLING TOWER,0,1/8/2009 0:00,1/8/2009 0:00,8802
240,#6 OIL TRAP,0,1/8/2009 0:00,1/8/2009 0:00,8703
241,#7 OIL TRAP,0,1/8/2009 0:00,1/8/2009 0:00,8704
242,#8 COOLING TOWER S/R,0,1/8/2009 0:00,1/8/2009 0:00,9978
243,#8 OIL TRAP,0,1/8/2009 0:00,1/8/2009 0:00,8712
244,#9 OIL TRAP,0,1/8/2009 0:00,1/8/2009 0:00,8705
245,1/3 ALKY SWITCH RM,0,1/8/2009 0:00,1/8/2009 0:00,9972
246,1500VIS S/R,0,1/8/2009 0:00,1/8/2009 0:00,9981
247,25 LOADING RACK-LINE NOS ONLY,0,1/8/2009 0:00,1/8/2009 0:00,7412
248,41 PROPYL TRAIN LOADING RACK,0,1/8/2009 0:00,1/8/2009 0:00,7441
249,42 PROPYL TRUCK LOADING RACK,0,1/8/2009 0:00,1/8/2009 0:00,7442
250,51 VACUM S/R,0,1/8/2009 0:00,1/8/2009 0:00,9980
251,AIR FORCE CONNECTION L-34/L-41,0,1/8/2009 0:00,1/8/2009 0:00, AIR1
252,ALKY SA SOUR WTR DRUM,0,1/8/2009 0:00,1/8/2009 0:00,4700
253,AMMONIA SYSTEM,0,1/8/2009 0:00,1/8/2009 0:00,8601
254,ARCO CARSON,0,1/8/2009 0:00,1/8/2009 0:00, CN12
255,ARCO PIPELINE,0,1/8/2009 0:00,1/8/2009 0:00, APCL
256,BERTH 76 @ T2,0,1/8/2009 0:00,1/8/2009 0:00, B-76
257,BERTH 77 @ T2,0,1/8/2009 0:00,1/8/2009 0:00, B-77
258,BERTH 78 @ T2,0,1/8/2009 0:00,1/8/2009 0:00, B-78
259,BOILER BLOWDOWN SYSTEM,0,1/8/2009 0:00,1/8/2009 0:00,8614
260,BOILER FEED/ATTEMP WTR SYSTEM,0,1/8/2009 0:00,1/8/2009 0:00,8613
261,BUILDINGS,0,1/8/2009 0:00,1/8/2009 0:00,140
262,BURNETT & FASHION VALVE BOX,0,1/8/2009 0:00,1/8/2009 0:00, BR-3
263,BURNETT ST BOX AT 103 FWY,0,1/8/2009 0:00,1/8/2009 0:00, BR-1
264,BURNETT ST MANIFOLD LA RIVER,0,1/8/2009 0:00,1/8/2009 0:00, BR-2
265,BUTANE TANK CAR LOADING RACK,0,1/8/2009 0:00,1/8/2009 0:00,7417
266,C5 ALKY,0,1/8/2009 0:00,1/8/2009 0:00,5000
267,CALCINER,0,1/8/2009 0:00,1/8/2009 0:00, CLCN
268,CARBON ABS PLT (DEMO`D),0,1/8/2009 0:00,1/8/2009 0:00,8706
269,CARSON CRUDE TERMINAL,0,1/8/2009 0:00,1/8/2009 0:00, CCP1
270,CARSON MARKETING BSTR STA SITE,0,1/8/2009 0:00,1/8/2009 0:00, CB-1
271,CARSON MARKETING TERMINAL,0,1/8/2009 0:00,1/8/2009 0:00, CM-1
272,CAUSTIC (FRESH SPENT SOUR) SYS,0,1/8/2009 0:00,1/8/2009 0:00,8611
273,COGEN 230 KV,0,1/8/2009 0:00,1/8/2009 0:00,9080
274,COGEN 69 KV,0,1/8/2009 0:00,1/8/2009 0:00,9085
275,COGEN AIR SYSTEM,0,1/8/2009 0:00,1/8/2009 0:00,9060
276,COGEN AMMONIA SYSTEM,0,1/8/2009 0:00,1/8/2009 0:00,9070
277,COGEN BLOW DOWN SYS,0,1/8/2009 0:00,1/8/2009 0:00,9055
278,COGEN BUILDINGS,0,1/8/2009 0:00,1/8/2009 0:00,9005
279,COGEN BUTANE SYSTEM,0,1/8/2009 0:00,1/8/2009 0:00,9510
280,COGEN BUTANE/MEROX MISC,0,1/8/2009 0:00,1/8/2009 0:00,9500
281,COGEN COOLING WATER SYSTEM,0,1/8/2009 0:00,1/8/2009 0:00,9040
282,COGEN DA/BFW/COND COLLECTION,0,1/8/2009 0:00,1/8/2009 0:00,9050
283,COGEN GTG1/HRSG1,0,1/8/2009 0:00,1/8/2009 0:00,9100
284,COGEN GTG2/HRSG2,0,1/8/2009 0:00,1/8/2009 0:00,9200
285,COGEN GTG3/HRSG3,0,1/8/2009 0:00,1/8/2009 0:00,9300
286,COGEN GTG4/HRSG4,0,1/8/2009 0:00,1/8/2009 0:00,9400
287,COGEN GTG5/IN-ACTIVE,0,1/8/2009 0:00,1/8/2009 0:00,9600
288,COGEN GTG6/IN-ACTIVE,0,1/8/2009 0:00,1/8/2009 0:00,9700
289,COGEN HYDROCARBON COLLECTION,0,1/8/2009 0:00,1/8/2009 0:00,9075
290,COGEN HYDROGEN SYSTEM,0,1/8/2009 0:00,1/8/2009 0:00,9065
291,COGEN MEROX #1/COMMON,0,1/8/2009 0:00,1/8/2009 0:00,9530
292,COGEN MEROX #2,0,1/8/2009 0:00,1/8/2009 0:00,9535
293,COGEN MISC,0,1/8/2009 0:00,1/8/2009 0:00,9000
294,COGEN NGC #1/COMMON,0,1/8/2009 0:00,1/8/2009 0:00,9020
295,COGEN NGC #2,0,1/8/2009 0:00,1/8/2009 0:00,9025
296,COGEN NITROGEN SYSTEM,0,1/8/2009 0:00,1/8/2009 0:00,9540
297,COGEN RGC #1/COMMON,0,1/8/2009 0:00,1/8/2009 0:00,9030
298,COGEN RGC #2,0,1/8/2009 0:00,1/8/2009 0:00,9035
299,COGEN STG UNIT 1/COMMON,0,1/8/2009 0:00,1/8/2009 0:00,9010
300,COGEN STG UNIT 2,0,1/8/2009 0:00,1/8/2009 0:00,9015
301,COGEN SUB 59/RCB 6,0,1/8/2009 0:00,1/8/2009 0:00,9090
302,COGEN TDC,0,1/8/2009 0:00,1/8/2009 0:00,9095
303,COGEN WATER TREATING,0,1/8/2009 0:00,1/8/2009 0:00,9045
304,COKER BLOWDOWN,0,1/8/2009 0:00,1/8/2009 0:00,7000
305,COKER COMP/NO. 5 DEA,0,1/8/2009 0:00,1/8/2009 0:00,6500
306,COKER FLARE,0,1/8/2009 0:00,1/8/2009 0:00,7001
307,COKER GAS PLT,0,1/8/2009 0:00,1/8/2009 0:00,6200
308,COKER WET GAS PLT,0,1/8/2009 0:00,1/8/2009 0:00,6201
309,CONDENSATE SYSTEM,0,1/8/2009 0:00,1/8/2009 0:00,8616
310,COOLING WTR/CT BLOWDOWN SYSTEM,0,1/8/2009 0:00,1/8/2009 0:00,8615
311,DEA (RICH & LEAN) SYSTEM,0,1/8/2009 0:00,1/8/2009 0:00,8624
312,DECOKING,0,1/8/2009 0:00,1/8/2009 0:00,6202
313,DYE INJECTION,0,1/8/2009 0:00,1/8/2009 0:00,7505
314,E-52 TIE-IN SHELL@UNOCAL,0,1/8/2009 0:00,1/8/2009 0:00, CN-1
315,EAST RET BASIN,0,1/8/2009 0:00,1/8/2009 0:00,8707
316,ELECTRICAL MANHOLES,0,1/8/2009 0:00,1/8/2009 0:00,161
317,FCC BUELL PRECIP,0,1/8/2009 0:00,1/8/2009 0:00,8402
318,FCC CAT POLY,0,1/8/2009 0:00,1/8/2009 0:00,1400
319,FCC COMP,0,1/8/2009 0:00,1/8/2009 0:00,1200
320,FCC CRACKING,0,1/8/2009 0:00,1/8/2009 0:00,1100
321,FCC DEA STORAGE,0,1/8/2009 0:00,1/8/2009 0:00,903
322,FCC FRAC,0,1/8/2009 0:00,1/8/2009 0:00,1101
323,FCC NO SOUR WTR DRUM,0,1/8/2009 0:00,1/8/2009 0:00,1000
324,FCC TETRAMER,0,1/8/2009 0:00,1/8/2009 0:00,1500
325,FIRE TRAINING AREA,0,1/8/2009 0:00,1/8/2009 0:00,8711
326,FIRE WATER/HP WATER SYSTEM,0,1/8/2009 0:00,1/8/2009 0:00,8617
327,FIRE WTR PUMP HOUSE,0,1/8/2009 0:00,1/8/2009 0:00,8709
328,FOUNDATION LOCATION,0,1/8/2009 0:00,1/8/2009 0:00,130
329,FRESH WTR BASIN RESERVOIR,0,1/8/2009 0:00,1/8/2009 0:00,8710
330,FUEL GAS (PLT BLKT SO. CAL)SYS,0,1/8/2009 0:00,1/8/2009 0:00,8600
331,HEAVY HYDRO,0,1/8/2009 0:00,1/8/2009 0:00,2600
332,HP FIRE WATER,0,1/8/2009 0:00,1/8/2009 0:00,134
333,HYDROCRACKER FRAC,0,1/8/2009 0:00,1/8/2009 0:00,301
334,HYDROCRACKER REAC,0,1/8/2009 0:00,1/8/2009 0:00,302
335,HYDROCRACKER UTIL,0,1/8/2009 0:00,1/8/2009 0:00,303
336,HYDROGEN PLT PRT,0,1/8/2009 0:00,1/8/2009 0:00,501
337,HYDROGEN SYSTEM,0,1/8/2009 0:00,1/8/2009 0:00,8622
338,IGF (INDUCED GAS FLOATATION),0,1/8/2009 0:00,1/8/2009 0:00,8716
339,IN-ACTIVE/#1 ALKY UNIT,0,1/8/2009 0:00,1/8/2009 0:00,4101
340,IN-ACTIVE/#1 STM PLT,0,1/8/2009 0:00,1/8/2009 0:00,8010
341,IN-ACTIVE/#2 ALKY UNIT,0,1/8/2009 0:00,1/8/2009 0:00,4201
342,IN-ACTIVE/#2 STM PLT,0,1/8/2009 0:00,1/8/2009 0:00,8020
343,IN-ACTIVE/#3 ALKY UNIT,0,1/8/2009 0:00,1/8/2009 0:00,4300
344,IN-ACTIVE/#5 STM PLT,0,1/8/2009 0:00,1/8/2009 0:00,8500
345,IN-ACTIVE/ACID STG UNIT 4000,0,1/8/2009 0:00,1/8/2009 0:00,4002
346,IN-ACTIVE/ALKY FRAC SEE 4000,0,1/8/2009 0:00,1/8/2009 0:00,4001
347,IN-ACTIVE/FCC-PRECIPITATOR,0,1/8/2009 0:00,1/8/2009 0:00,1102
348,IN-ACTIVE/NO. 14 LOADING RACK,0,1/8/2009 0:00,1/8/2009 0:00,7408
349,IN-ACTIVE/NO. 15 LOADING RACK,0,1/8/2009 0:00,1/8/2009 0:00,7409
350,IN-ACTIVE/NO. 22 LOADING RACK,0,1/8/2009 0:00,1/8/2009 0:00,7410
351,IN-ACTIVE/NO. 29 LOADING RACK,0,1/8/2009 0:00,1/8/2009 0:00,7415
352,IN-ACTIVE/NO. 30 LOADING RACK,0,1/8/2009 0:00,1/8/2009 0:00,7416
353,IN-ACTIVE/NO. 8 LOADING RACK,0,1/8/2009 0:00,1/8/2009 0:00,7403
354,INLINE BLENDER,0,1/8/2009 0:00,1/8/2009 0:00,7300
355,INSTRUMENT AIR SYSTEM,0,1/8/2009 0:00,1/8/2009 0:00,8608
356,MAIN OFFICE S/R,0,1/8/2009 0:00,1/8/2009 0:00,9976
357,MOBIL BOOSTER STA LN 88(MBS1),0,1/8/2009 0:00,1/8/2009 0:00, BS-2
358,MOBILE EQUIPMENT,0,1/8/2009 0:00,1/8/2009 0:00,149
359,N RES PUMP HOUSE SWITCH RM,0,1/8/2009 0:00,1/8/2009 0:00,9974
360,NAPHTHA BENSAT,0,1/8/2009 0:00,1/8/2009 0:00,8101
361,NAPHTHA HDS,0,1/8/2009 0:00,1/8/2009 0:00,8100
362,NAPHTHA ISOM,0,1/8/2009 0:00,1/8/2009 0:00,8102
363,NITROGEN SYSTEM,0,1/8/2009 0:00,1/8/2009 0:00,8628
364,NO. 1 POLYPROPYLENE,0,1/8/2009 0:00,1/8/2009 0:00,7100
365,NO. 9 LOADING RACK,0,1/8/2009 0:00,1/8/2009 0:00,7404
366,NO.10 LOADING RACK,0,1/8/2009 0:00,1/8/2009 0:00,7405
367,NO.12 LOADING RACK,0,1/8/2009 0:00,1/8/2009 0:00,7406
368,NO.13 LOADING RACK,0,1/8/2009 0:00,1/8/2009 0:00,7407
369,NO.26 LOADING RACK,0,1/8/2009 0:00,1/8/2009 0:00,7413
370,NO.28 LOADING RACK,0,1/8/2009 0:00,1/8/2009 0:00,7414
371,NORTH CAUSTIC STG AREA,0,1/8/2009 0:00,1/8/2009 0:00,904
372,OFFPLOT AREA 1,0,1/8/2009 0:00,1/8/2009 0:00,101
373,OFFPLOT AREA 10,0,1/8/2009 0:00,1/8/2009 0:00,110
374,OFFPLOT AREA 11,0,1/8/2009 0:00,1/8/2009 0:00,111
375,OFFPLOT AREA 12,0,1/8/2009 0:00,1/8/2009 0:00,112
376,OFFPLOT AREA 13,0,1/8/2009 0:00,1/8/2009 0:00,113
377,OFFPLOT AREA 14,0,1/8/2009 0:00,1/8/2009 0:00,114
378,OFFPLOT AREA 15,0,1/8/2009 0:00,1/8/2009 0:00,115
379,OFFPLOT AREA 16,0,1/8/2009 0:00,1/8/2009 0:00,116
380,OFFPLOT AREA 17,0,1/8/2009 0:00,1/8/2009 0:00,117
381,OFFPLOT AREA 18,0,1/8/2009 0:00,1/8/2009 0:00,118
382,OFFPLOT AREA 19,0,1/8/2009 0:00,1/8/2009 0:00,119
383,OFFPLOT AREA 2,0,1/8/2009 0:00,1/8/2009 0:00,102
384,OFFPLOT AREA 20,0,1/8/2009 0:00,1/8/2009 0:00,120
385,OFFPLOT AREA 21,0,1/8/2009 0:00,1/8/2009 0:00,121
386,OFFPLOT AREA 22,0,1/8/2009 0:00,1/8/2009 0:00,122
387,OFFPLOT AREA 23,0,1/8/2009 0:00,1/8/2009 0:00,123
388,OFFPLOT AREA 24,0,1/8/2009 0:00,1/8/2009 0:00,124
389,OFFPLOT AREA 3,0,1/8/2009 0:00,1/8/2009 0:00,103
390,OFFPLOT AREA 4,0,1/8/2009 0:00,1/8/2009 0:00,104
391,OFFPLOT AREA 5,0,1/8/2009 0:00,1/8/2009 0:00,105
392,OFFPLOT AREA 6,0,1/8/2009 0:00,1/8/2009 0:00,106
393,OFFPLOT AREA 7,0,1/8/2009 0:00,1/8/2009 0:00,107
394,OFFPLOT AREA 8,0,1/8/2009 0:00,1/8/2009 0:00,108
395,OFFPLOT AREA 9,0,1/8/2009 0:00,1/8/2009 0:00,109
396,OIL (LUBE/MIST/BULK) SYSTEM,0,1/8/2009 0:00,1/8/2009 0:00,8626
397,OIL RECOVERY SYSTEM,0,1/8/2009 0:00,1/8/2009 0:00,8612
398,OILY WATER STRIPPER-NESHAPS,0,1/8/2009 0:00,1/8/2009 0:00,3500
399,PARKING LOT,0,1/8/2009 0:00,1/8/2009 0:00,138
400,PIPEWAY BRIDGES,0,1/8/2009 0:00,1/8/2009 0:00,143
401,PLANT AIR SYSTEM,0,1/8/2009 0:00,1/8/2009 0:00,8607
402,POTABLE/DOMESTIC WTR SYSTEM,0,1/8/2009 0:00,1/8/2009 0:00,8621
403,PROCESS/NESHAPS WATER SYSTEM,0,1/8/2009 0:00,1/8/2009 0:00,8618
404,PROJECT STANDARD,0,1/8/2009 0:00,1/8/2009 0:00,129
405,REFINERY GENERAL,0,1/8/2009 0:00,1/8/2009 0:00,100
406,REFINERY MAPS/OFF-PROPERTY,0,1/8/2009 0:00,1/8/2009 0:00,135
407,REFINERY STANDARD,0,1/8/2009 0:00,1/8/2009 0:00,132
408,REFINERY SYSTEMS,0,1/8/2009 0:00,1/8/2009 0:00,133
409,RELEASE GASES (HP MP LP)SYSTEM,0,1/8/2009 0:00,1/8/2009 0:00,8602
410,REMOVED EQUIPMENT,0,1/8/2009 0:00,1/8/2009 0:00,99
411,RESERVOIRS,0,1/8/2009 0:00,1/8/2009 0:00,144
412,ROADWAYS,0,1/8/2009 0:00,1/8/2009 0:00,136
413,S RESERVOIR P/H SWITCH RM,0,1/8/2009 0:00,1/8/2009 0:00,9975
414,S/H EAST COKE STORAGE,0,1/8/2009 0:00,1/8/2009 0:00,7450
415,SALVAGE YARD,0,1/8/2009 0:00,1/8/2009 0:00,148
416,SANITARY SEWER SYSTEM,0,1/8/2009 0:00,1/8/2009 0:00,8627
417,SCE CARSON,0,1/8/2009 0:00,1/8/2009 0:00, CN10
418,SCE DOMINGUEZ HILLS/COMPTON,0,1/8/2009 0:00,1/8/2009 0:00, CMT1
419,SEWER MANHOLES,0,1/8/2009 0:00,1/8/2009 0:00,145
420,SFIA #3 OXID,0,1/8/2009 0:00,1/8/2009 0:00,5800
421,SFIA HEAT MED HTR,0,1/8/2009 0:00,1/8/2009 0:00,5400
422,SFIA LPG DRYER,0,1/8/2009 0:00,1/8/2009 0:00,5501
423,SFIA SOLVENT FRAC,0,1/8/2009 0:00,1/8/2009 0:00,5600
424,SFIA SPLIT S/R,0,1/8/2009 0:00,1/8/2009 0:00,9984
425,SFIA VAP REC,0,1/8/2009 0:00,1/8/2009 0:00,5700
426,SLOP RERUN,0,1/8/2009 0:00,1/8/2009 0:00,3600
427,SLOPS/PUMPOUT SYSTEM,0,1/8/2009 0:00,1/8/2009 0:00,8625
428,SOUR WATER SYSTEM,0,1/8/2009 0:00,1/8/2009 0:00,8609
429,SOUTH AREA FUEL OIL HTR,0,1/8/2009 0:00,1/8/2009 0:00,8301
430,SOUTH AREA MIX DRUM,0,1/8/2009 0:00,1/8/2009 0:00,4900
431,SOUTH AREA UTIL,0,1/8/2009 0:00,1/8/2009 0:00,8300
432,STEAM (150# 175#) SYSTEM,0,1/8/2009 0:00,1/8/2009 0:00,8603
433,STEAM (25# 45# 50#) SYSTEM,0,1/8/2009 0:00,1/8/2009 0:00,8604
434,STEAM (560# 600#) SYSTEM,0,1/8/2009 0:00,1/8/2009 0:00,8629
435,STOCKER NATURAL GAS FAC,0,1/8/2009 0:00,1/8/2009 0:00, BDH1
436,SUBSTATION 1,0,1/8/2009 0:00,1/8/2009 0:00,9905
437,SUBSTATION 10,0,1/8/2009 0:00,1/8/2009 0:00,9914
438,SUBSTATION 11,0,1/8/2009 0:00,1/8/2009 0:00,9915
439,SUBSTATION 13,0,1/8/2009 0:00,1/8/2009 0:00,9917
440,SUBSTATION 14,0,1/8/2009 0:00,1/8/2009 0:00,9918
441,SUBSTATION 15,0,1/8/2009 0:00,1/8/2009 0:00,9919
442,SUBSTATION 16,0,1/8/2009 0:00,1/8/2009 0:00,9920
443,SUBSTATION 17,0,1/8/2009 0:00,1/8/2009 0:00,9921
444,SUBSTATION 18,0,1/8/2009 0:00,1/8/2009 0:00,9922
445,SUBSTATION 19,0,1/8/2009 0:00,1/8/2009 0:00,9923
446,SUBSTATION 1A,0,1/8/2009 0:00,1/8/2009 0:00,9990
447,SUBSTATION 1B,0,1/8/2009 0:00,1/8/2009 0:00,9991
448,SUBSTATION 1C,0,1/8/2009 0:00,1/8/2009 0:00,9992
449,SUBSTATION 1D,0,1/8/2009 0:00,1/8/2009 0:00,9993
450,SUBSTATION 1E,0,1/8/2009 0:00,1/8/2009 0:00,9994
451,SUBSTATION 1G,0,1/8/2009 0:00,1/8/2009 0:00,9996
452,SUBSTATION 1H,0,1/8/2009 0:00,1/8/2009 0:00,9997
453,SUBSTATION 1J,0,1/8/2009 0:00,1/8/2009 0:00,9898
454,SUBSTATION 1K,0,1/8/2009 0:00,1/8/2009 0:00,9899
455,SUBSTATION 1L,0,1/8/2009 0:00,1/8/2009 0:00,9897
456,SUBSTATION 1M,0,1/8/2009 0:00,1/8/2009 0:00,9896
457,SUBSTATION 20,0,1/8/2009 0:00,1/8/2009 0:00,9924
458,SUBSTATION 21,0,1/8/2009 0:00,1/8/2009 0:00,9925
459,SUBSTATION 22,0,1/8/2009 0:00,1/8/2009 0:00,9926
460,SUBSTATION 23,0,1/8/2009 0:00,1/8/2009 0:00,9927
461,SUBSTATION 24,0,1/8/2009 0:00,1/8/2009 0:00,9928
462,SUBSTATION 25,0,1/8/2009 0:00,1/8/2009 0:00,9929
463,SUBSTATION 26,0,1/8/2009 0:00,1/8/2009 0:00,9930
464,SUBSTATION 27,0,1/8/2009 0:00,1/8/2009 0:00,9931
465,SUBSTATION 28,0,1/8/2009 0:00,1/8/2009 0:00,9932
466,SUBSTATION 29,0,1/8/2009 0:00,1/8/2009 0:00,9933
467,SUBSTATION 30,0,1/8/2009 0:00,1/8/2009 0:00,9934
468,SUBSTATION 31,0,1/8/2009 0:00,1/8/2009 0:00,9935
469,SUBSTATION 32,0,1/8/2009 0:00,1/8/2009 0:00,9936
470,SUBSTATION 33,0,1/8/2009 0:00,1/8/2009 0:00,9937
471,SUBSTATION 34,0,1/8/2009 0:00,1/8/2009 0:00,9938
472,SUBSTATION 35,0,1/8/2009 0:00,1/8/2009 0:00,9939
473,SUBSTATION 36,0,1/8/2009 0:00,1/8/2009 0:00,9940
474,SUBSTATION 37,0,1/8/2009 0:00,1/8/2009 0:00,9941
475,SUBSTATION 38,0,1/8/2009 0:00,1/8/2009 0:00,9942
476,SUBSTATION 39,0,1/8/2009 0:00,1/8/2009 0:00,9943
477,SUBSTATION 4,0,1/8/2009 0:00,1/8/2009 0:00,9908
478,SUBSTATION 40,0,1/8/2009 0:00,1/8/2009 0:00,9944
479,SUBSTATION 40A,0,1/8/2009 0:00,1/8/2009 0:00,9998
480,SUBSTATION 41,0,1/8/2009 0:00,1/8/2009 0:00,9945
481,SUBSTATION 42,0,1/8/2009 0:00,1/8/2009 0:00,9946
482,SUBSTATION 42A,0,1/8/2009 0:00,1/8/2009 0:00,9999
483,SUBSTATION 43,0,1/8/2009 0:00,1/8/2009 0:00,9947
484,SUBSTATION 44,0,1/8/2009 0:00,1/8/2009 0:00,9948
485,SUBSTATION 45,0,1/8/2009 0:00,1/8/2009 0:00,9949
486,SUBSTATION 46,0,1/8/2009 0:00,1/8/2009 0:00,9950
487,SUBSTATION 47,0,1/8/2009 0:00,1/8/2009 0:00,9951
488,SUBSTATION 48,0,1/8/2009 0:00,1/8/2009 0:00,9952
489,SUBSTATION 49,0,1/8/2009 0:00,1/8/2009 0:00,9953
490,SUBSTATION 5,0,1/8/2009 0:00,1/8/2009 0:00,9909
491,SUBSTATION 50,0,1/8/2009 0:00,1/8/2009 0:00,9954
492,SUBSTATION 51,0,1/8/2009 0:00,1/8/2009 0:00,9955
493,SUBSTATION 52,0,1/8/2009 0:00,1/8/2009 0:00,9956
494,SUBSTATION 53,0,1/8/2009 0:00,1/8/2009 0:00,9957
495,SUBSTATION 54,0,1/8/2009 0:00,1/8/2009 0:00,9958
496,SUBSTATION 55,0,1/8/2009 0:00,1/8/2009 0:00,9959
497,SUBSTATION 56,0,1/8/2009 0:00,1/8/2009 0:00,9960
498,SUBSTATION 57,0,1/8/2009 0:00,1/8/2009 0:00,9961
499,SUBSTATION 58,0,1/8/2009 0:00,1/8/2009 0:00,9962
500,SUBSTATION 59,0,1/8/2009 0:00,1/8/2009 0:00,9963
501,SUBSTATION 6,0,1/8/2009 0:00,1/8/2009 0:00,9910
502,SUBSTATION 60,0,1/8/2009 0:00,1/8/2009 0:00,9964
503,SUBSTATION 61,0,1/8/2009 0:00,1/8/2009 0:00,9965
504,SUBSTATION 62,0,1/8/2009 0:00,1/8/2009 0:00,9966
505,SUBSTATION 63,0,1/8/2009 0:00,1/8/2009 0:00,9967
506,SUBSTATION 64,0,1/8/2009 0:00,1/8/2009 0:00,9968
507,SUBSTATION 65,0,1/8/2009 0:00,1/8/2009 0:00,9870
508,SUBSTATION 66,0,1/8/2009 0:00,1/8/2009 0:00,9871
509,SUBSTATION 67,0,1/8/2009 0:00,1/8/2009 0:00,9872
510,SUBSTATION 68,0,1/8/2009 0:00,1/8/2009 0:00,9873
511,SUBSTATION 69,0,1/8/2009 0:00,1/8/2009 0:00,9874
512,SUBSTATION 7,0,1/8/2009 0:00,1/8/2009 0:00,9911
513,SUBSTATION 70,0,1/8/2009 0:00,1/8/2009 0:00,9875
514,SUBSTATION 71,0,1/8/2009 0:00,1/8/2009 0:00,9876
515,SUBSTATION 72,0,1/8/2009 0:00,1/8/2009 0:00,9877
516,SUBSTATION 73,0,1/8/2009 0:00,1/8/2009 0:00,9878
517,SUBSTATION 74,0,1/8/2009 0:00,1/8/2009 0:00,9879
518,SUBSTATION 75,0,1/8/2009 0:00,1/8/2009 0:00,9880
519,SUBSTATION 76,0,1/8/2009 0:00,1/8/2009 0:00,9881
520,SUBSTATION 77,0,1/8/2009 0:00,1/8/2009 0:00,9882
521,SUBSTATION 78,0,1/8/2009 0:00,1/8/2009 0:00,9883
522,SUBSTATION 8,0,1/8/2009 0:00,1/8/2009 0:00,9912
523,SULF ACID(FRESH & SPENT)SYSTEM,0,1/8/2009 0:00,1/8/2009 0:00,8610
524,SULF PLT #1 TAIL GAS,0,1/8/2009 0:00,1/8/2009 0:00,6801
525,SULF PLT #2 TAIL GAS,0,1/8/2009 0:00,1/8/2009 0:00,6800
526,SULF PLT SOUR WTR STRIP A/B,0,1/8/2009 0:00,1/8/2009 0:00,6900
527,SWIRL STRM H20 IMPONDMNT RECIR,0,1/8/2009 0:00,1/8/2009 0:00,8715
528,TANKS/PIPELINES,0,1/8/2009 0:00,1/8/2009 0:00,7500
529,TCC EAST SWITCH RM,0,1/8/2009 0:00,1/8/2009 0:00,9971
530,TCC WEST SWITCH RM,0,1/8/2009 0:00,1/8/2009 0:00,9970
531,UDEX,0,1/8/2009 0:00,1/8/2009 0:00,2903
532,VAPOR RECOVERY SYSTEM,0,1/8/2009 0:00,1/8/2009 0:00,8606
533,VAPOR RECOVERY SYSTEM,0,1/8/2009 0:00,1/8/2009 0:00,8605
534,VEHICLE BRIDGES,0,1/8/2009 0:00,1/8/2009 0:00,142
535,WASTE/STORM WTR SYS,0,1/8/2009 0:00,1/8/2009 0:00,8700
536,WATER WELLS,0,1/8/2009 0:00,1/8/2009 0:00,147
537,WELL/DOMINGUEZ/RO WATER SYSTEM,0,1/8/2009 0:00,1/8/2009 0:00,8620
538,WEST RET BASIN,0,1/8/2009 0:00,1/8/2009 0:00,8708
539,YARD PIPING U/G,0,1/8/2009 0:00,1/8/2009 0:00,131
540,ALKY COKER/FRAC/MEROX,0,1/8/2009 0:00,1/8/2009 0:00,4500
541,SULF PLT CLAUS A,0,1/8/2009 0:00,1/8/2009 0:00,6701
542,SULF PLT CLAUS B,0,1/8/2009 0:00,1/8/2009 0:00,6702
543,SULF PLT CLAUS C,0,1/8/2009 0:00,1/8/2009 0:00,6703
544,SULF PLT CLAUS D,0,1/8/2009 0:00,1/8/2009 0:00,6704
545,#1 TRT #1 DEHEX,0,1/8/2009 0:00,1/8/2009 0:00,4801
546,#1 TRT #2 DEHEX,0,1/8/2009 0:00,1/8/2009 0:00,4801
547,C5-C6 ISOM HDS,0,1/8/2009 0:00,1/8/2009 0:00,2400
548,H/C JET FUEL HYDROTREATER,0,1/8/2009 0:00,1/8/2009 0:00,600
549,MID BARREL,0,1/8/2009 0:00,1/8/2009 0:00,1900
550,#2 REFORMER SRD,0,1/8/2009 0:00,1/8/2009 0:00,2701
551,#2 REFORMER LED,0,1/8/2009 0:00,1/8/2009 0:00,2700
552,#2 REFORMER DIB (NORTH AREA),0,1/8/2009 0:00,1/8/2009 0:00,2702
553,SULF PLT SOUR WTR STRIP A,0,1/8/2009 0:00,1/8/2009 0:00,6900
554,SULF PLT SOUR WTR STRIP B,0,1/8/2009 0:00,1/8/2009 0:00,6900
555,ALKY COKER GAS FRAC,0,1/8/2009 0:00,1/8/2009 0:00,4800
556,FCC 1 DEA,0,1/8/2009 0:00,1/8/2009 0:00,901
557,FCC 2 DEA,0,1/8/2009 0:00,1/8/2009 0:00,902
558,COKER 3 DEA,0,1/8/2009 0:00,1/8/2009 0:00,6501
559,COKER 4 DEA,0,1/8/2009 0:00,1/8/2009 0:00,6502
560,COKER 5 DEA,0,1/8/2009 0:00,1/8/2009 0:00,6503
561,ALKY ISO-OCTENE,0,1/8/2009 0:00,1/8/2009 0:00,4400
562,#2 SOUR H20 OXID,0,1/8/2009 0:00,1/8/2009 0:00,6600
563,#2 REFORMER DESULF,0,1/8/2009 0:00,1/8/2009 0:00,2202
564,FCC GAS PLANT,0,1/8/2009 0:00,1/8/2009 0:00,1300
565,C5 ALKY DEPENT,0,1/8/2009 0:00,1/8/2009 0:00,5300
566,#5 OIL TRAP,0,1/8/2009 0:00,1/8/2009 0:00,8702
567,HYDROCRACKER FLARE,0,1/8/2009 0:00,1/8/2009 0:00,304
